z_pc,T_K,T_tilde,M_dot,dTdz_init
-1.0,10000.0,0.1,7.927214259343407e-20,99.99374686286399
-0.999999997993988,10000.010029432873,0.10000010029432872,7.927214259343407e-20,99.99374686286399
-0.9999999839519038,10000.080235460135,0.10000080235460135,7.927214259343407e-20,99.99374686286399
-0.9999999458376755,10000.270794651393,0.10000270794651393,7.927214259343407e-20,99.99374686286399
-0.9999998716152306,10000.64188349828,0.10000641883498279,7.927214259343407e-20,99.99374686286399
-0.9999997492484975,10001.253678320983,0.10001253678320984,7.927214259343407e-20,99.99374686286399
-0.9999995667014036,10002.166355142734,0.10002166355142733,7.927214259343407e-20,99.99374686286399
-0.9999993119378772,10003.440089522763,0.10003440089522762,7.927214259343407e-20,99.99374686286399
-0.9999989729218457,10005.13505635946,0.10005135056359461,7.927214259343407e-20,99.99374686286399
-0.9999985376172374,10007.31142964814,0.1000731142964814,7.927214259343407e-20,99.99374686286399
-0.9999979939879801,10010.029382213397,0.10010029382213398,7.927214259343407e-20,99.99374686286399
-0.9999973299980014,10013.349085392245,0.10013349085392245,7.927214259343407e-20,99.99374686286399
-0.9999965336112295,10017.33070869349,0.10017330708693489,7.927214259343407e-20,99.99374686286399
-0.999995592791592,10022.034419410107,0.10022034419410107,7.927214259343407e-20,99.99374686286399
-0.9999944955030171,10027.520382201781,0.10027520382201781,7.927214259343407e-20,99.99374686286399
-0.9999932297094325,10033.848758637647,0.10033848758637647,7.927214259343407e-20,99.99374686286399
-0.9999917833747659,10041.07970670535,0.1004107970670535,7.927214259343407e-20,99.99374686286399
-0.9999901444629455,10049.27338027975,0.10049273380279751,7.927214259343407e-20,99.99374686286399
-0.9999883009378993,10058.48992855908,0.10058489928559079,7.927214259343407e-20,99.99374686286399
-0.9999862407635546,10068.789495462426,0.10068789495462425,7.927214259343407e-20,99.99374686286399
-0.9999839519038397,10080.232218991365,0.10080232218991364,7.927214259343407e-20,99.99374686286399
-0.9999814223226825,10092.878230554623,0.10092878230554624,7.927214259343407e-20,99.99374686286399
-0.9999786399840107,10106.78765425857,0.1010678765425857,7.927214259343407e-20,99.99374686286399
-0.9999755928517523,10122.020606157406,0.10122020606157406,7.927214259343407e-20,99.99374686286399
-0.9999722688898351,10138.63719347108,0.1013863719347108,7.927214259343407e-20,99.99374686286399
-0.9999686560621869,10156.697513765364,0.10156697513765364,7.927214259343407e-20,99.99374686286399
-0.9999647423327359,10176.26165409294,0.10176261654092938,7.927214259343407e-20,99.99374686286399
-0.9999605156654098,10197.38969010338,0.10197389690103381,7.927214259343407e-20,99.99374686286399
-0.9999559640241363,10220.141685113542,0.10220141685113542,7.927214259343407e-20,99.99374686286399
-0.9999510753728434,10244.577689141186,0.10244577689141186,7.927214259343407e-20,99.99374686286399
-0.9999458376754591,10270.757737903014,0.10270757737903013,7.927214259343407e-20,99.99374686286399
-0.9999402388959113,10298.741851779763,0.10298741851779764,7.927214259343407e-20,99.99374686286399
-0.9999342669981277,10328.59003474019,0.10328590034740188,7.927214259343407e-20,99.99374686286399
-0.9999279099460362,10360.362273232635,0.10360362273232634,7.927214259343407e-20,99.99374686286399
-0.9999211557035648,10394.118535040348,0.10394118535040348,7.927214259343407e-20,99.99374686286399
-0.9999139922346412,10429.918768101059,0.1042991876810106,7.927214259343407e-20,99.99374686286399
-0.9999064075031934,10467.822899285631,0.10467822899285631,7.927214259343407e-20,99.99374686286399
-0.9998983894731495,10507.890833147789,0.10507890833147789,7.927214259343407e-20,99.99374686286399
-0.9998899261084369,10550.182450632672,0.10550182450632672,7.927214259343407e-20,99.99374686286399
-0.999881005372984,10594.757607755306,0.10594757607755305,7.927214259343407e-20,99.99374686286399
-0.9998716152307182,10641.676134244713,0.10641676134244714,7.927214259343407e-20,99.99374686286399
-0.9998617436455675,10690.997832146471,0.10690997832146472,7.927214259343407e-20,99.99374686286399
-0.99985137858146,10742.78247438589,0.10742782474385888,7.927214259343407e-20,99.99374686286399
-0.9998405080023234,10797.089803304545,0.10797089803304545,7.927214259343407e-20,99.99374686286399
-0.9998291198720858,10853.979529167606,0.10853979529167605,7.927214259343407e-20,99.99374686286399
-0.9998172021546747,10913.511328628716,0.10913511328628717,7.927214259343407e-20,99.99374686286399
-0.9998047428140183,10975.744843147644,0.10975744843147645,7.927214259343407e-20,99.99374686286399
-0.9997917298140444,11040.739677385767,0.11040739677385768,7.927214259343407e-20,99.99374686286399
-0.999778151118681,11108.555397591159,0.11108555397591159,7.927214259343407e-20,99.99374686286399
-0.9997639946918554,11179.25152991379,0.1117925152991379,7.927214259343407e-20,99.99374686286399
-0.9997492484974962,11252.887558679573,0.11252887558679572,7.927214259343407e-20,99.99374686286399
-0.999733900499531,11329.522924674968,0.11329522924674967,7.927214259343407e-20,99.99374686286399
-0.9997179386618876,11409.217023383704,0.11409217023383704,7.927214259343407e-20,99.99374686286399
-0.999701350948494,11492.029203138985,0.11492029203138986,7.927214259343407e-20,99.99374686286399
-0.9996841253232779,11578.018763320684,0.11578018763320684,7.927214259343407e-20,99.99374686286399
-0.9996662497501675,11667.244952497289,0.11667244952497288,7.927214259343407e-20,99.99374686286399
-0.9996477121930906,11759.766966463456,0.11759766966463456,7.927214259343407e-20,99.99374686286399
-0.9996285006159745,11855.643946384926,0.11855643946384926,7.927214259343407e-20,99.99374686286399
-0.9996086029827479,11954.934976782717,0.11954934976782718,7.927214259343407e-20,99.99374686286399
-0.9995880072573382,12057.699083536849,0.12057699083536849,7.927214259343407e-20,99.99374686286399
-0.9995667014036735,12163.9952319398,0.121639952319398,7.927214259343407e-20,99.99374686286399
-0.9995446733856815,12273.88232453054,0.1227388232453054,7.927214259343407e-20,99.99374686286399
-0.9995219111672903,12387.419199133954,0.12387419199133955,7.927214259343407e-20,99.99374686286399
-0.9994984027124275,12504.664626663183,0.12504664626663184,7.927214259343407e-20,99.99374686286399
-0.9994741359850212,12625.677309038969,0.12625677309038968,7.927214259343407e-20,99.99374686286399
-0.9994490989489992,12750.51587702969,0.1275051587702969,7.927214259343407e-20,99.99374686286399
-0.9994232795682895,12879.238888019232,0.12879238888019232,7.927214259343407e-20,99.99374686286399
-0.9993966658068199,13011.904823870655,0.13011904823870654,7.927214259343407e-20,99.99374686286399
-0.9993692456285179,13148.57208860401,0.1314857208860401,7.927214259343407e-20,99.99374686286399
-0.999341006997312,13289.29900627251,0.1328929900627251,7.927214259343407e-20,99.99374686286399
-0.9993119378771297,13434.143818525657,0.13434143818525657,7.927214259343407e-20,99.99374686286399
-0.9992820262318989,13583.164682414823,0.13583164682414822,7.927214259343407e-20,99.99374686286399
-0.9992512600255479,13736.41966797203,0.1373641966797203,7.927214259343407e-20,99.99374686286399
-0.9992196272220039,13893.966755916226,0.13893966755916226,7.927214259343407e-20,99.99374686286399
-0.9991871157851955,14055.863835205897,0.14055863835205898,7.927214259343407e-20,99.99374686286399
-0.9991537136790497,14222.168700584081,0.1422216870058408,7.927214259343407e-20,99.99374686286399
-0.9991194088674953,14392.939050120967,0.14392939050120968,7.927214259343407e-20,99.99374686286399
-0.9990841893144596,14568.23248259653,0.1456823248259653,7.927214259343407e-20,99.99374686286399
-0.9990480429838708,14748.106495015092,0.14748106495015093,7.927214259343407e-20,99.99374686286399
-0.9990109578396564,14932.618479826673,0.14932618479826673,7.927214259343407e-20,99.99374686286399
-0.9989729218457446,15121.825722311438,0.15121825722311438,7.927214259343407e-20,99.99374686286399
-0.9989339229660633,15315.785397481874,0.15315785397481874,7.927214259343407e-20,99.99374686286399
-0.9988939491645402,15514.55456712106,0.1551455456712106,7.927214259343407e-20,99.99374686286399
-0.998852988405103,15718.190176817041,0.1571819017681704,7.927214259343407e-20,99.99374686286399
-0.9988110286516801,15926.749061619334,0.15926749061619333,7.927214259343407e-20,99.99374686286399
-0.9987680578681991,16140.287944861224,0.16140287944861223,7.927214259343407e-20,99.99374686286399
-0.9987240640185878,16358.863416681737,0.16358863416681738,7.927214259343407e-20,99.99374686286399
-0.9986790350667741,16582.53193513622,0.1658253193513622,7.927214259343407e-20,99.99374686286399
-0.9986329589766862,16811.34982631749,0.1681134982631749,7.927214259343407e-20,99.99374686286399
-0.9985858237122516,17045.373280481603,0.17045373280481604,7.927214259343407e-20,99.99374686286399
-0.9985376172373982,17284.658348564888,0.17284658348564888,7.927214259343407e-20,99.99374686286399
-0.998488327516054,17529.260938190302,0.17529260938190303,7.927214259343407e-20,99.99374686286399
-0.9984379425121468,17779.236810162904,0.17779236810162904,7.927214259343407e-20,99.99374686286399
-0.9983864501896047,18034.641574606027,0.18034641574606028,7.927214259343407e-20,99.99374686286399
-0.9983338385123552,18295.530686700105,0.18295530686700107,7.927214259343407e-20,99.99374686286399
-0.9982800954443267,18561.959443416203,0.18561959443416204,7.927214259343407e-20,99.99374686286399
-0.9982252089494466,18833.982980402852,0.18833982980402852,7.927214259343407e-20,99.99374686286399
-0.9981691669916433,19111.65626853248,0.1911165626853248,7.927214259343407e-20,99.99374686286399
-0.9981119575348437,19395.034110541706,0.19395034110541706,7.927214259343407e-20,99.99374686286399
-0.9980535685429768,19684.171138163485,0.19684171138163487,7.927214259343407e-20,99.99374686286399
-0.99799398797997,19979.121809025404,0.19979121809025405,7.927214259343407e-20,99.99374686286399
-0.997933203809751,20279.940403481665,0.20279940403481664,7.927214259343407e-20,99.99374686286399
-0.997871203996248,20586.681021641863,0.20586681021641864,7.927214259343407e-20,99.99374686286399
-0.9978079765033886,20899.3975803848,0.20899397580384801,7.927214259343407e-20,99.99374686286399
-0.9977435092951008,21218.14381025912,0.2121814381025912,7.927214259343407e-20,99.99374686286399
-0.9976777903353127,21542.973252360174,0.21542973252360176,7.927214259343407e-20,99.99374686286399
-0.997610807587952,21873.93925515538,0.2187393925515538,7.927214259343407e-20,99.99374686286399
-0.9975425490169463,22211.094971254737,0.22211094971254736,7.927214259343407e-20,99.99374686286399
-0.997473002586224,22554.49335408158,0.22554493354081578,7.927214259343407e-20,99.99374686286399
-0.9974021562597126,22904.187154615713,0.22904187154615713,7.927214259343407e-20,99.99374686286399
-0.9973299980013399,23260.228918012697,0.232602289180127,7.927214259343407e-20,99.99374686286399
-0.9972565157750343,23622.670980154002,0.23622670980154,7.927214259343407e-20,99.99374686286399
-0.9971816975447233,23991.565464146304,0.23991565464146306,7.927214259343407e-20,99.99374686286399
-0.9971055312743348,24366.964276889335,0.24366964276889336,7.927214259343407e-20,99.99374686286399
-0.9970280049277966,24748.919105395402,0.24748919105395403,7.927214259343407e-20,99.99374686286399
-0.9969491064690367,25137.481413167177,0.2513748141316718,7.927214259343407e-20,99.99374686286399
-0.9968688238619832,25532.702436633066,0.25532702436633065,7.927214259343407e-20,99.99374686286399
-0.9967871450705637,25934.633181504487,0.25934633181504485,7.927214259343407e-20,99.99374686286399
-0.996704058058706,26343.32441901272,0.2634332441901272,7.927214259343407e-20,99.99374686286399
-0.9966195507903381,26758.826682149822,0.2675882668214982,7.927214259343407e-20,99.99374686286399
-0.9965336112293881,27181.190261993554,0.27181190261993554,7.927214259343407e-20,99.99374686286399
-0.9964462273397836,27610.46520425779,0.2761046520425779,7.927214259343407e-20,99.99374686286399
-0.9963573870854525,28046.70130487982,0.28046701304879823,7.927214259343407e-20,99.99374686286399
-0.9962670784303228,28489.948105989726,0.28489948105989726,7.927214259343407e-20,99.99374686286399
-0.9961752893383222,28940.254892159188,0.2894025489215919,7.927214259343407e-20,99.99374686286399
-0.9960820077733787,29397.670686583744,0.29397670686583743,7.927214259343407e-20,99.99374686286399
-0.9959872216994204,29862.244247651837,0.29862244247651837,7.927214259343407e-20,99.99374686286399
-0.9958909190803746,30334.02406493222,0.3033402406493222,7.927214259343407e-20,99.99374686286399
-0.99579308788017,30813.05835488736,0.30813058354887357,7.927214259343407e-20,99.99374686286399
-0.9956937160627338,31299.395056686113,0.31299395056686113,7.927214259343407e-20,99.99374686286399
-0.9955927915919941,31793.08182800309,0.3179308182800309,7.927214259343407e-20,99.99374686286399
-0.9954903024318787,32294.166041061744,0.32294166041061745,7.927214259343407e-20,99.99374686286399
-0.9953862365463154,32802.69477872895,0.32802694778728947,7.927214259343407e-20,99.99374686286399
-0.9952805818992326,33318.714830444886,0.33318714830444884,7.927214259343407e-20,99.99374686286399
-0.9951733264545577,33842.27268776792,0.3384227268776792,7.927214259343407e-20,99.99374686286399
-0.9950644581762185,34373.41454051933,0.34373414540519326,7.927214259343407e-20,99.99374686286399
-0.9949539650281433,34912.18627247441,0.3491218627247441,7.927214259343407e-20,99.99374686286399
-0.9948418349742597,35458.633458050324,0.35458633458050326,7.927214259343407e-20,99.99374686286399
-0.9947280559784955,36012.80135745775,0.36012801357457747,7.927214259343407e-20,99.99374686286399
-0.9946126160047789,36574.73491265722,0.3657473491265722,7.927214259343407e-20,99.99374686286399
-0.9944955030170376,37144.478743004845,0.37144478743004844,7.927214259343407e-20,99.99374686286399
-0.9943767049791994,37722.07714200133,0.37722077142001337,7.927214259343407e-20,99.99374686286399
-0.9942562098551921,38307.574072204145,0.3830757407220415,7.927214259343407e-20,99.99374686286399
-0.994134005608944,38901.013161234274,0.38901013161234277,7.927214259343407e-20,99.99374686286399
-0.9940100802043825,39502.43769812954,0.39502437698129544,7.927214259343407e-20,99.99374686286399
-0.9938844216054359,40111.890629360365,0.40111890629360364,7.927214259343407e-20,99.99374686286399
-0.9937570177760318,40729.41455389236,0.4072941455389236,7.927214259343407e-20,99.99374686286399
-0.9936278566800981,41355.05171885729,0.4135505171885729,7.927214259343407e-20,99.99374686286399
-0.9934969262815627,41988.84401686842,0.4198884401686842,7.927214259343407e-20,99.99374686286399
-0.9933642145443536,42630.83298073575,0.4263083298073575,7.927214259343407e-20,99.99374686286399
-0.9932297094323986,43281.05977943858,0.4328105977943858,7.927214259343407e-20,99.99374686286399
-0.9930933989096254,43939.56521385818,0.4393956521385818,7.927214259343407e-20,99.99374686286399
-0.9929552709399624,44606.3897129606,0.446063897129606,7.927214259343407e-20,99.99374686286399
-0.992815313487337,45281.573329334926,0.4528157332933493,7.927214259343407e-20,99.99374686286399
-0.992673514515677,45965.155734917185,0.45965155734917185,7.927214259343407e-20,99.99374686286399
-0.9925298619889106,46657.176216818516,0.46657176216818513,7.927214259343407e-20,99.99374686286399
-0.9923843438709657,47357.67367317878,0.47357673673178785,7.927214259343407e-20,99.99374686286399
-0.9922369481257698,48066.68660862046,0.4806668660862046,7.927214259343407e-20,99.99374686286399
-0.9920876627172512,48784.253130293335,0.48784253130293337,7.927214259343407e-20,99.99374686286399
-0.9919364756093377,49510.410943906194,0.4951041094390619,7.927214259343407e-20,99.99374686286399
-0.9917833747659569,50245.1973495758,0.502451973495758,7.927214259343407e-20,99.99374686286399
-0.9916283481510371,50988.64923887745,0.5098864923887745,7.927214259343407e-20,99.99374686286399
-0.9914713837285057,51740.80309026602,0.5174080309026602,7.927214259343407e-20,99.99374686286399
-0.9913124694622911,52501.69496236975,0.5250169496236975,7.927214259343407e-20,99.99374686286399
-0.9911515933163206,53271.360490395025,0.5327136049039503,7.927214259343407e-20,99.99374686286399
-0.9909887432545226,54049.83488221863,0.5404983488221863,7.927214259343407e-20,99.99374686286399
-0.9908239072408246,54837.15291461783,0.5483715291461783,7.927214259343407e-20,99.99374686286399
-0.9906570732391549,55633.34892908873,0.5563334892908873,7.927214259343407e-20,99.99374686286399
-0.990488229213441,56438.45682746424,0.5643845682746423,7.927214259343407e-20,99.99374686286399
-0.9903173631276109,57252.51006770158,0.5725251006770158,7.927214259343407e-20,99.99374686286399
-0.9901444629455924,58075.54165989534,0.5807554165989534,7.927214259343407e-20,99.99374686286399
-0.9899695166313136,58907.58416203073,0.5890758416203073,7.927214259343407e-20,99.99374686286399
-0.9897925121487021,59748.6696757049,0.597486696757049,7.927214259343407e-20,99.99374686286399
-0.989613437461686,60598.82984180781,0.6059882984180781,7.927214259343407e-20,99.99374686286399
-0.9894322805341934,61458.0958362462,0.614580958362462,7.927214259343407e-20,99.99374686286399
-0.9892490293301515,62326.49836564474,0.6232649836564473,7.927214259343407e-20,99.99374686286399
-0.9890636718134886,63204.0676630731,0.632040676630731,7.927214259343407e-20,99.99374686286399
-0.9888761959481327,64090.8334830524,0.640908334830524,7.927214259343407e-20,99.99374686286399
-0.9886865896980115,64986.825097783985,0.6498682509778398,7.927214259343407e-20,99.99374686286399
-0.9884948410270529,65892.07129399308,0.6589207129399308,7.927214259343407e-20,99.99374686286399
-0.9883009378991848,66806.60036785938,0.6680660036785938,7.927214259343407e-20,99.99374686286399
-0.988104868278335,67730.44012054284,0.6773044012054285,7.927214259343407e-20,99.99374686286399
-0.9879066201284316,68663.61785388652,0.6866361785388653,7.927214259343407e-20,99.99374686286399
-0.9877061814134022,69606.16036542758,0.6960616036542758,7.927214259343407e-20,99.99374686286399
-0.9875035400971748,70558.09394405283,0.7055809394405284,7.927214259343407e-20,99.99374686286399
-0.9872986841436773,71519.44436562363,0.7151944436562363,7.927214259343407e-20,99.99374686286399
-0.9870916015168376,72490.2368884822,0.7249023688848221,7.927214259343407e-20,99.99374686286399
-0.9868822801805833,73470.49624897918,0.7347049624897918,7.927214259343407e-20,99.99374686286399
-0.9866707080988428,74460.24665644401,0.7446024665644401,7.927214259343407e-20,99.99374686286399
-0.9864568732355438,75459.51179037684,0.7545951179037684,7.927214259343407e-20,99.99374686286399
-0.9862407635546139,76468.31479643045,0.7646831479643046,7.927214259343407e-20,99.99374686286399
-0.9860223670199812,77486.67828121666,0.7748667828121666,7.927214259343407e-20,99.99374686286399
-0.9858016715955736,78514.62430858333,0.7851462430858333,7.927214259343407e-20,99.99374686286399
-0.9855786652453189,79552.17439553146,0.7955217439553146,7.927214259343407e-20,99.99374686286399
-0.985353335933145,80599.34950804136,0.8059934950804136,7.927214259343407e-20,99.99374686286399
-0.9851256716229797,81656.17005752021,0.816561700575202,7.927214259343407e-20,99.99374686286399
-0.9848956602787512,82722.65589651326,0.8272265589651326,7.927214259343407e-20,99.99374686286399
-0.9846632898643869,83798.82631497456,0.8379882631497456,7.927214259343407e-20,99.99374686286399
-0.984428548343815,84884.70003668428,0.8488470003668428,7.927214259343407e-20,99.99374686286399
-0.9841914236809632,85980.29521479506,0.8598029521479505,7.927214259343407e-20,99.99374686286399
-0.9839519038397597,87085.62942848653,0.8708562942848652,7.927214259343407e-20,99.99374686286399
-0.983709976784132,88200.71967905482,0.8820071967905482,7.927214259343407e-20,99.99374686286399
-0.9834656304780083,89325.58238561617,0.8932558238561618,7.927214259343407e-20,99.99374686286399
-0.9832188528853162,90460.23338195786,0.9046023338195787,7.927214259343407e-20,99.99374686286399
-0.9829696319699837,91604.68791213342,0.9160468791213342,7.927214259343407e-20,99.99374686286399
-0.9827179556959387,92758.96062686724,0.9275896062686724,7.927214259343407e-20,99.99374686286399
-0.9824638120271091,93923.06558006132,0.9392306558006132,7.927214259343407e-20,99.99374686286399
-0.9822071889274226,95097.0162242107,0.9509701622421071,7.927214259343407e-20,99.99374686286399
-0.9819480743608074,96280.82540776843,0.9628082540776842,7.927214259343407e-20,99.99374686286399
-0.9816864562911911,97474.50537071709,0.9747450537071709,7.927214259343407e-20,99.99374686286399
-0.9814223226825017,98678.06774124998,0.9867806774124999,7.927214259343407e-20,99.99374686286399
-0.9811556614986672,99891.52353244643,0.9989152353244644,7.927214259343407e-20,99.99374686286399
-0.9808864607036153,101114.88313686261,1.011148831368626,7.927214259343407e-20,99.99374686286399
-0.9806147082612738,102348.15632573859,1.023481563257386,7.927214259343407e-20,99.99374686286399
-0.9803403921355707,103591.35224634802,1.0359135224634801,7.927214259343407e-20,99.99374686286399
-0.9800635002904339,104844.47941669603,1.0484447941669603,7.927214259343407e-20,99.99374686286399
-0.9797840206897912,106107.54572260901,1.06107545722609,7.927214259343407e-20,99.99374686286399
-0.9795019412975707,107380.55841675533,1.0738055841675533,7.927214259343407e-20,99.99374686286399
-0.9792172500777001,108663.52411653895,1.0866352411653895,7.927214259343407e-20,99.99374686286399
-0.9789299349941073,109956.44880084592,1.0995644880084592,7.927214259343407e-20,99.99374686286399
-0.9786399840107199,111259.33780767194,1.1125933780767194,7.927214259343407e-20,99.99374686286399
-0.9783473850914666,112572.19583081997,1.1257219583081997,7.927214259343407e-20,99.99374686286399
-0.9780521262002744,113895.02691797675,1.1389502691797675,7.927214259343407e-20,99.99374686286399
-0.9777541953010715,115227.83446805173,1.1522783446805174,7.927214259343407e-20,99.99374686286399
-0.9774535803577858,116570.62122902107,1.1657062122902107,7.927214259343407e-20,99.99374686286399
-0.9771502693343453,117923.38929534343,1.1792338929534343,7.927214259343407e-20,99.99374686286399
-0.9768442501946777,119286.14010588815,1.1928614010588814,7.927214259343407e-20,99.99374686286399
-0.976535510902711,120658.87444123,1.2065887444123,7.927214259343407e-20,99.99374686286399
-0.9762240394223729,122041.5924217059,1.220415924217059,7.927214259343407e-20,99.99374686286399
-0.9759098237175915,123434.29350463624,1.2343429350463624,7.927214259343407e-20,99.99374686286399
-0.9755928517522945,124836.97648199902,1.2483697648199903,7.927214259343407e-20,99.99374686286399
-0.9752731114904098,126249.63947822414,1.2624963947822414,7.927214259343407e-20,99.99374686286399
-0.9749505908958656,127672.27994750785,1.2767227994750785,7.927214259343407e-20,99.99374686286399
-0.9746252779325892,129104.89467179442,1.2910489467179442,7.927214259343407e-20,99.99374686286399
-0.974297160564509,130547.47975785247,1.3054747975785248,7.927214259343407e-20,99.99374686286399
-0.9739662267555524,132000.03063565143,1.3200003063565144,7.927214259343407e-20,99.99374686286399
-0.973632464469648,133462.54205518772,1.3346254205518773,7.927214259343407e-20,99.99374686286399
-0.973295861670723,134935.00808508173,1.3493500808508172,7.927214259343407e-20,99.99374686286399
-0.9729564063227056,136417.42210943735,1.3641742210943735,7.927214259343407e-20,99.99374686286399
-0.9726140863895236,137909.7768264544,1.3790977682645442,7.927214259343407e-20,99.99374686286399
-0.9722688898351047,139412.06424552063,1.3941206424552062,7.927214259343407e-20,99.99374686286399
-0.971920804623377,140924.27568571313,1.4092427568571313,7.927214259343407e-20,99.99374686286399
-0.9715698187182685,142446.4017732435,1.424464017732435,7.927214259343407e-20,99.99374686286399
-0.9712159200837068,143978.43243989305,1.4397843243989303,7.927214259343407e-20,99.99374686286399
-0.9708590966836199,145520.3569207156,1.455203569207156,7.927214259343407e-20,99.99374686286399
-0.9704993364819356,147072.16375249272,1.4707216375249272,7.927214259343407e-20,99.99374686286399
-0.970136627442582,148633.84077164557,1.4863384077164556,7.927214259343407e-20,99.99374686286399
-0.9697709575294868,150205.3751126725,1.5020537511267251,7.927214259343407e-20,99.99374686286399
-0.9694023147065778,151786.75320641743,1.5178675320641744,7.927214259343407e-20,99.99374686286399
-0.9690306869377834,153377.96077821587,1.5337796077821586,7.927214259343407e-20,99.99374686286399
-0.9686560621870306,154978.98284726354,1.5497898284726355,7.927214259343407e-20,99.99374686286399
-0.968278428418248,156589.80372337933,1.5658980372337932,7.927214259343407e-20,99.99374686286399
-0.9678977735953631,158210.40700824204,1.5821040700824203,7.927214259343407e-20,99.99374686286399
-0.9675140856823039,159840.77559052018,1.5984077559052017,7.927214259343407e-20,99.99374686286399
-0.9671273526429985,161480.8916484802,1.614808916484802,7.927214259343407e-20,99.99374686286399
-0.9667375624413743,163130.73664573662,1.631307366457366,7.927214259343407e-20,99.99374686286399
-0.9663447030413597,164790.2913319189,1.6479029133191891,7.927214259343407e-20,99.99374686286399
-0.9659487624068821,166459.5357407226,1.664595357407226,7.927214259343407e-20,99.99374686286399
-0.9655497285018698,168138.4491907306,1.681384491907306,7.927214259343407e-20,99.99374686286399
-0.9651475892902505,169827.01028057098,1.6982701028057097,7.927214259343407e-20,99.99374686286399
-0.964742332735952,171525.1968943298,1.715251968943298,7.927214259343407e-20,99.99374686286399
-0.9643339468029024,173232.9861937491,1.732329861937491,7.927214259343407e-20,99.99374686286399
-0.9639224194550291,174950.35462486837,1.7495035462486836,7.927214259343407e-20,99.99374686286399
-0.9635077386562605,176677.27791060804,1.7667727791060803,7.927214259343407e-20,99.99374686286399
-0.9630898923705244,178413.7310560823,1.784137310560823,7.927214259343407e-20,99.99374686286399
-0.9626688685617485,180159.68834480166,1.8015968834480165,7.927214259343407e-20,99.99374686286399
-0.9622446551938606,181915.12333985814,1.8191512333985813,7.927214259343407e-20,99.99374686286399
-0.9618172402307889,183680.00888287972,1.8368000888287972,7.927214259343407e-20,99.99374686286399
-0.9613866116364611,185454.3170952774,1.854543170952774,7.927214259343407e-20,99.99374686286399
-0.9609527573748049,187238.01937687292,1.8723801937687292,7.927214259343407e-20,99.99374686286399
-0.9605156654097486,189031.08640624778,1.8903108640624777,7.927214259343407e-20,99.99374686286399
-0.9600753237052199,190833.48813750915,1.9083348813750916,7.927214259343407e-20,99.99374686286399
-0.9596317202251466,192645.19380099222,1.926451938009922,7.927214259343407e-20,99.99374686286399
-0.9591848429334564,194466.17191110944,1.9446617191110944,7.927214259343407e-20,99.99374686286399
-0.9587346797940776,196296.39026449618,1.962963902644962,7.927214259343407e-20,99.99374686286399
-0.9582812187709377,198135.8159403619,1.981358159403619,7.927214259343407e-20,99.99374686286399
-0.9578244478279648,199984.41529635902,1.9998441529635902,7.927214259343407e-20,99.99374686286399
-0.9573643549290868,201842.1539745271,2.0184215397452707,7.927214259343407e-20,99.99374686286399
-0.9569009280382315,203708.99689546955,2.0370899689546955,7.927214259343407e-20,99.99374686286399
-0.9564341551193268,205584.90826641824,2.0558490826641824,7.927214259343407e-20,99.99374686286399
-0.9559640241363005,207469.85157381342,2.074698515738134,7.927214259343407e-20,99.99374686286399
-0.9554905230530806,209363.789592846,2.09363789592846,7.927214259343407e-20,99.99374686286399
-0.9550136398335949,211266.6843797125,2.112666843797125,7.927214259343407e-20,99.99374686286399
-0.9545333624417713,213178.49727964765,2.1317849727964764,7.927214259343407e-20,99.99374686286399
-0.9540496788415378,215099.18892384294,2.1509918892384294,7.927214259343407e-20,99.99374686286399
-0.953562576996822,217028.71923185122,2.1702871923185123,7.927214259343407e-20,99.99374686286399
-0.9530720448715521,218967.04741290477,2.1896704741290476,7.927214259343407e-20,99.99374686286399
-0.9525780704296557,220914.1319661859,2.209141319661859,7.927214259343407e-20,99.99374686286399
-0.9520806416350609,222869.93068490838,2.2286993068490837,7.927214259343407e-20,99.99374686286399
-0.9515797464516956,224834.40065249064,2.2483440065249063,7.927214259343407e-20,99.99374686286399
-0.9510753728434873,226807.49825007113,2.2680749825007114,7.927214259343407e-20,99.99374686286399
-0.9505675087743641,228789.17915416864,2.2878917915416865,7.927214259343407e-20,99.99374686286399
-0.9500561422082543,230779.39833914503,2.3077939833914503,7.927214259343407e-20,99.99374686286399
-0.9495412611090852,232778.11007994722,2.327781100799472,7.927214259343407e-20,99.99374686286399
-0.949022853440785,234785.26795231886,2.3478526795231884,7.927214259343407e-20,99.99374686286399
-0.9485009071672813,236800.8248361808,2.368008248361808,7.927214259343407e-20,99.99374686286399
-0.9479754102525022,238824.7329167035,2.388247329167035,7.927214259343407e-20,99.99374686286399
-0.9474463506603755,240856.94368624178,2.4085694368624178,7.927214259343407e-20,99.99374686286399
-0.9469137163548291,242897.40794745128,2.428974079474513,7.927214259343407e-20,99.99374686286399
-0.9463774952997911,244946.0758152617,2.449460758152617,7.927214259343407e-20,99.99374686286399
-0.9458376754591888,247002.89671708524,2.4700289671708524,7.927214259343407e-20,99.99374686286399
-0.9452942447969507,249067.81939926746,2.4906781939926748,7.927214259343407e-20,99.99374686286399
-0.9447471912770044,251140.79192509656,2.5114079192509657,7.927214259343407e-20,99.99374686286399
-0.9441965028632777,253221.7616820277,2.532217616820277,7.927214259343407e-20,99.99374686286399
-0.9436421675196988,255310.67538094887,2.5531067538094887,7.927214259343407e-20,99.99374686286399
-0.9430841732101951,257407.47905923196,2.5740747905923196,7.927214259343407e-20,99.99374686286399
-0.942522507898695,259512.11808664407,2.5951211808664407,7.927214259343407e-20,99.99374686286399
-0.9419571595491257,261624.53716359878,2.616245371635988,7.927214259343407e-20,99.99374686286399
-0.941388116125416,263744.6803301584,2.6374468033015837,7.927214259343407e-20,99.99374686286399
-0.9408153655914931,265872.4909639125,2.6587249096391252,7.927214259343407e-20,99.99374686286399
-0.9402388959112852,268007.91178632586,2.6800791178632584,7.927214259343407e-20,99.99374686286399
-0.9396586950487198,270150.8848659138,2.7015088486591377,7.927214259343407e-20,99.99374686286399
-0.9390747509677251,272301.35162033065,2.7230135162033067,7.927214259343407e-20,99.99374686286399
-0.9384870516322289,274459.2528223423,2.744592528223423,7.927214259343407e-20,99.99374686286399
-0.937895585006159,276624.52860313427,2.7662452860313427,7.927214259343407e-20,99.99374686286399
-0.9373003390534436,278797.11845228344,2.7879711845228345,7.927214259343407e-20,99.99374686286399
-0.9367013017380103,280976.9612289421,2.809769612289421,7.927214259343407e-20,99.99374686286399
-0.9360984610237868,283163.99516094883,2.8316399516094886,7.927214259343407e-20,99.99374686286399
-0.9354918048747012,285358.1578477328,2.8535815784773275,7.927214259343407e-20,99.99374686286399
-0.9348813212546816,287559.3862716272,2.875593862716272,7.927214259343407e-20,99.99374686286399
-0.9342669981276555,289767.6167937751,2.8976761679377514,7.927214259343407e-20,99.99374686286399
-0.9336488234575511,291982.78516495373,2.9198278516495373,7.927214259343407e-20,99.99374686286399
-0.9330267852082961,294204.82652728143,2.942048265272814,7.927214259343407e-20,99.99374686286399
-0.9324008713438182,296433.675418991,2.9643367541899104,7.927214259343407e-20,99.99374686286399
-0.9317710698280457,298669.26577995653,2.986692657799565,7.927214259343407e-20,99.99374686286399
-0.9311373686249063,300911.5309573191,3.0091153095731906,7.927214259343407e-20,99.99374686286399
-0.9304997556983277,303160.40370595065,3.0316040370595068,7.927214259343407e-20,99.99374686286399
-0.9298582190122379,305415.81619987875,3.0541581619987874,7.927214259343407e-20,99.99374686286399
-0.9292127465305648,307677.7000321452,3.076777000321452,7.927214259343407e-20,99.99374686286399
-0.9285633262172364,309945.9862237694,3.0994598622376937,7.927214259343407e-20,99.99374686286399
-0.9279099460361804,312220.60522320756,3.1222060522320754,7.927214259343407e-20,99.99374686286399
-0.9272525939513248,314501.4869192706,3.145014869192706,7.927214259343407e-20,99.99374686286399
-0.9265912579265972,316788.5606396768,3.167885606396768,7.927214259343407e-20,99.99374686286399
-0.925925925925926,319081.75515981845,3.1908175515981845,7.927214259343407e-20,99.99374686286399
-0.9252565859132384,321380.9987079038,3.213809987079038,7.927214259343407e-20,99.99374686286399
-0.9245832258524631,323686.21896932175,3.2368621896932175,7.927214259343407e-20,99.99374686286399
-0.9239058337075273,325997.34309275454,3.259973430927545,7.927214259343407e-20,99.99374686286399
-0.9232243974423593,328314.2976951398,3.283142976951398,7.927214259343407e-20,99.99374686286399
-0.9225389050208865,330637.00886848033,3.3063700886848033,7.927214259343407e-20,99.99374686286399
-0.9218493444070371,332965.4021867203,3.329654021867203,7.927214259343407e-20,99.99374686286399
-0.9211557035647391,335299.40270690003,3.352994027069,7.927214259343407e-20,99.99374686286399
-0.9204579704579203,337638.93497939577,3.376389349793958,7.927214259343407e-20,99.99374686286399
-0.9197561330505085,339983.92305388214,3.3998392305388214,7.927214259343407e-20,99.99374686286399
-0.9190501793064316,342334.2904809519,3.4233429048095187,7.927214259343407e-20,99.99374686286399
-0.9183400971896174,344689.96032299515,3.4468996032299515,7.927214259343407e-20,99.99374686286399
-0.9176258746639937,347050.8551601091,3.470508551601091,7.927214259343407e-20,99.99374686286399
-0.9169074996934888,349416.8970911215,3.4941689709112147,7.927214259343407e-20,99.99374686286399
-0.9161849602420303,351788.0077462023,3.517880077462023,7.927214259343407e-20,99.99374686286399
-0.915458244273546,354164.10828964267,3.541641082896427,7.927214259343407e-20,99.99374686286399
-0.9147273397519641,356545.11942840414,3.5654511942840417,7.927214259343407e-20,99.99374686286399
-0.9139922346412119,358930.9614151878,3.589309614151878,7.927214259343407e-20,99.99374686286399
-0.9132529169052178,361321.5540598668,3.6132155405986683,7.927214259343407e-20,99.99374686286399
-0.9125093745079096,363716.81673320517,3.6371681673320517,7.927214259343407e-20,99.99374686286399
-0.911761595413215,366116.6683720907,3.6611666837209067,7.927214259343407e-20,99.99374686286399
-0.911009567585062,368521.02749081806,3.6852102749081808,7.927214259343407e-20,99.99374686286399
-0.9102532789873785,370929.8121845733,3.7092981218457335,7.927214259343407e-20,99.99374686286399
-0.9094927175840921,373342.9401355322,3.733429401355322,7.927214259343407e-20,99.99374686286399
-0.9087278713391312,375760.32862420677,3.7576032862420674,7.927214259343407e-20,99.99374686286399
-0.9079587282164233,378181.89453439775,3.7818189453439777,7.927214259343407e-20,99.99374686286399
-0.9071852761798965,380607.5543563569,3.806075543563569,7.927214259343407e-20,99.99374686286399
-0.9064075031934784,383037.22420017986,3.8303722420017987,7.927214259343407e-20,99.99374686286399
-0.9056253972210971,385470.81980168325,3.8547081980168323,7.927214259343407e-20,99.99374686286399
-0.9048389462266804,387908.25652455416,3.879082565245542,7.927214259343407e-20,99.99374686286399
-0.9040481381741561,390349.44937591284,3.9034944937591285,7.927214259343407e-20,99.99374686286399
-0.9032529610274522,392794.31300666067,3.927943130066607,7.927214259343407e-20,99.99374686286399
-0.9024534027504967,395242.7617235293,3.9524276172352932,7.927214259343407e-20,99.99374686286399
-0.9016494513072172,397694.7094951908,3.976947094951908,7.927214259343407e-20,99.99374686286399
-0.9008410946615417,400150.0699595353,4.001500699595353,7.927214259343407e-20,99.99374686286399
-0.9000283207773981,402608.75643120706,4.02608756431207,7.927214259343407e-20,99.99374686286399
-0.8992111176187144,405070.6819110476,4.050706819110476,7.927214259343407e-20,99.99374686286399
-0.8983894731494183,407535.7590914236,4.075357590914236,7.927214259343407e-20,99.99374686286399
-0.8975633753334378,410003.900368261,4.1000390036826095,7.927214259343407e-20,99.99374686286399
-0.8967328121347005,412475.01784239773,4.1247501784239775,7.927214259343407e-20,99.99374686286399
-0.8958977715171346,414949.0233342195,4.1494902333421955,7.927214259343407e-20,99.99374686286399
-0.895058241444668,417425.8283879932,4.174258283879932,7.927214259343407e-20,99.99374686286399
-0.8942142098812282,419905.34428115137,4.199053442811514,7.927214259343407e-20,99.99374686286399
-0.8933656647907435,422387.4820319864,4.223874820319864,7.927214259343407e-20,99.99374686286399
-0.8925125941371418,424872.1524081366,4.248721524081366,7.927214259343407e-20,99.99374686286399
-0.8916549858843503,427359.26593534363,4.273592659353437,7.927214259343407e-20,99.99374686286399
-0.8907928279962977,429848.7329035709,4.2984873290357095,7.927214259343407e-20,99.99374686286399
-0.8899261084369116,432340.4633794069,4.323404633794069,7.927214259343407e-20,99.99374686286399
-0.8890548151701196,434834.36720954336,4.348343672095433,7.927214259343407e-20,99.99374686286399
-0.88817893615985,437330.35403303854,4.373303540330386,7.927214259343407e-20,99.99374686286399
-0.8872984593700305,439828.33328891004,4.3982833328891004,7.927214259343407e-20,99.99374686286399
-0.8864133727645889,442328.2142239576,4.423282142239576,7.927214259343407e-20,99.99374686286399
-0.8855236643074532,444829.90590011893,4.448299059001189,7.927214259343407e-20,99.99374686286399
-0.8846293219625511,447333.31720553694,4.473333172055369,7.927214259343407e-20,99.99374686286399
-0.8837303336938106,449838.35686189047,4.498383568618904,7.927214259343407e-20,99.99374686286399
-0.8828266874651598,452344.9334339249,4.523449334339249,7.927214259343407e-20,99.99374686286399
-0.8819183712405262,454852.95533799636,4.5485295533799635,7.927214259343407e-20,99.99374686286399
-0.8810053729838381,457362.3308492369,4.573623308492369,7.927214259343407e-20,99.99374686286399
-0.8800876806590228,459872.96811125596,4.59872968111256,7.927214259343407e-20,99.99374686286399
-0.8791652822300087,462384.7751457511,4.623847751457511,7.927214259343407e-20,99.99374686286399
-0.8782381656607232,464897.65986070514,4.648976598607051,7.927214259343407e-20,99.99374686286399
-0.8773063189150949,467411.53005946556,4.674115300594655,7.927214259343407e-20,99.99374686286399
-0.876369729957051,469926.29344962025,4.699262934496202,7.927214259343407e-20,99.99374686286399
-0.8754283867505197,472441.857651962,4.7244185765196205,7.927214259343407e-20,99.99374686286399
-0.874482277259429,474958.13020789105,4.74958130207891,7.927214259343407e-20,99.99374686286399
-0.8735313894477063,477475.0185907285,4.774750185907285,7.927214259343407e-20,99.99374686286399
-0.8725757112792797,479992.43021338154,4.799924302133816,7.927214259343407e-20,99.99374686286399
-0.8716152307180772,482510.27243773424,4.825102724377342,7.927214259343407e-20,99.99374686286399
-0.8706499357280268,485028.45258368884,4.850284525836888,7.927214259343407e-20,99.99374686286399
-0.8696798142730562,487546.87793817057,4.8754687793817055,7.927214259343407e-20,99.99374686286399
-0.8687048543170932,490065.45576416515,4.900654557641651,7.927214259343407e-20,99.99374686286399
-0.8677250438240658,492584.0933097756,4.9258409330977555,7.927214259343407e-20,99.99374686286399
-0.8667403707579018,495102.6978172565,4.951026978172565,7.927214259343407e-20,99.99374686286399
-0.8657508230825292,497621.17653130484,4.976211765313049,7.927214259343407e-20,99.99374686286399
-0.8647563887618758,500139.43671011756,5.001394367101176,7.927214259343407e-20,99.99374686286399
-0.8637570557598694,502657.38563269464,5.026573856326946,7.927214259343407e-20,99.99374686286399
-0.8627528120404381,505174.9306087245,5.0517493060872445,7.927214259343407e-20,99.99374686286399
-0.8617436455675096,507691.97898775776,5.076919789877578,7.927214259343407e-20,99.99374686286399
-0.8607295443050116,510208.4381683079,5.1020843816830785,7.927214259343407e-20,99.99374686286399
-0.8597104962168725,512724.2156068759,5.127242156068759,7.927214259343407e-20,99.99374686286399
-0.8586864892670196,515239.21882721194,5.1523921882721195,7.927214259343407e-20,99.99374686286399
-0.8576575114193814,517753.35542950494,5.177533554295049,7.927214259343407e-20,99.99374686286399
-0.8566235506378854,520266.533099516,5.20266533099516,7.927214259343407e-20,99.99374686286399
-0.8555845948864594,522778.65961758216,5.227786596175822,7.927214259343407e-20,99.99374686286399
-0.8545406321290314,525289.6428678484,5.252896428678484,7.927214259343407e-20,99.99374686286399
-0.8534916503295291,527799.3908474906,5.277993908474906,7.927214259343407e-20,99.99374686286399
-0.8524376374518811,530307.8116758541,5.303078116758542,7.927214259343407e-20,99.99374686286399
-0.8513785814600143,532814.8136034318,5.328148136034318,7.927214259343407e-20,99.99374686286399
-0.8503144703178572,535320.3050209719,5.35320305020972,7.927214259343407e-20,99.99374686286399
-0.8492452919893374,537824.194468747,5.37824194468747,7.927214259343407e-20,99.99374686286399
-0.8481710344383827,540326.3906456578,5.403263906456577,7.927214259343407e-20,99.99374686286399
-0.8470916856289216,542826.8024182535,5.428268024182535,7.927214259343407e-20,99.99374686286399
-0.8460072335248814,545325.338829626,5.45325338829626,7.927214259343407e-20,99.99374686286399
-0.84491766609019,547821.9091086438,5.478219091086437,7.927214259343407e-20,99.99374686286399
-0.8438229712887754,550316.4226790427,5.503164226790427,7.927214259343407e-20,99.99374686286399
-0.8427231370845657,552808.7891684327,5.5280878916843275,7.927214259343407e-20,99.99374686286399
-0.8416181514414883,555298.9184171159,5.552989184171159,7.927214259343407e-20,99.99374686286399
-0.8405080023234714,557786.7204870513,5.577867204870513,7.927214259343407e-20,99.99374686286399
-0.8393926776944429,560272.1056709767,5.602721056709767,7.927214259343407e-20,99.99374686286399
-0.8382721655183307,562754.9845013358,5.627549845013358,7.927214259343407e-20,99.99374686286399
-0.8371464537590625,565235.2677591314,5.652352677591314,7.927214259343407e-20,99.99374686286399
-0.8360155303805661,567712.8664826062,5.6771286648260615,7.927214259343407e-20,99.99374686286399
-0.8348793833467696,570187.6919762102,5.701876919762102,7.927214259343407e-20,99.99374686286399
-0.833738000621601,572659.6558194911,5.726596558194911,7.927214259343407e-20,99.99374686286399
-0.8325913701689878,575128.6698758664,5.751286698758664,7.927214259343407e-20,99.99374686286399
-0.8314394799528582,577594.6463012955,5.775946463012955,7.927214259343407e-20,99.99374686286399
-0.8302823179371399,580057.4975528687,5.800574975528686,7.927214259343407e-20,99.99374686286399
-0.8291198720857609,582517.1363976122,5.825171363976121,7.927214259343407e-20,99.99374686286399
-0.827952130362649,584973.4759211559,5.849734759211558,7.927214259343407e-20,99.99374686286399
-0.8267790807317321,587426.4295363226,5.8742642953632265,7.927214259343407e-20,99.99374686286399
-0.8256007111569381,589875.9109916248,5.898759109916248,7.927214259343407e-20,99.99374686286399
-0.8244170096021949,592321.8343797087,5.923218343797088,7.927214259343407e-20,99.99374686286399
-0.8232279640314301,594764.1141459243,5.947641141459243,7.927214259343407e-20,99.99374686286399
-0.8220335624085721,597202.6650964635,5.972026650964636,7.927214259343407e-20,99.99374686286399
-0.8208337926975482,599637.4024075101,5.996374024075101,7.927214259343407e-20,99.99374686286399
-0.8196286428622871,602068.2416328149,6.020682416328149,7.927214259343407e-20,99.99374686286399
-0.8184181008667157,604495.0987118634,6.044950987118634,7.927214259343407e-20,99.99374686286399
-0.8172021546747625,606917.8899784083,6.069178899784084,7.927214259343407e-20,99.99374686286399
-0.815980792250355,609336.5321686564,6.093365321686564,7.927214259343407e-20,99.99374686286399
-0.8147540015574215,611750.942429402,6.1175094242940204,7.927214259343407e-20,99.99374686286399
-0.8135217705598898,614161.0383261194,6.141610383261194,7.927214259343407e-20,99.99374686286399
-0.8122840872216875,616566.7378509563,6.165667378509563,7.927214259343407e-20,99.99374686286399
-0.8110409395067426,618967.9594303409,6.189679594303409,7.927214259343407e-20,99.99374686286399
-0.8097923153789831,621364.6219339002,6.213646219339002,7.927214259343407e-20,99.99374686286399
-0.8085382028023368,623756.6446804268,6.2375664468042675,7.927214259343407e-20,99.99374686286399
-0.8072785897407315,626143.9474467956,6.261439474467957,7.927214259343407e-20,99.99374686286399
-0.8060134641580954,628526.4504758238,6.2852645047582385,7.927214259343407e-20,99.99374686286399
-0.8047428140183558,630904.0744839153,6.3090407448391534,7.927214259343407e-20,99.99374686286399
-0.8034666272854412,633276.7406681137,6.332767406681137,7.927214259343407e-20,99.99374686286399
-0.802184891923279,635644.370714581,6.35644370714581,7.927214259343407e-20,99.99374686286399
-0.8008975958957973,638006.8868042431,6.3800688680424305,7.927214259343407e-20,99.99374686286399
-0.7996047271669241,640364.2116212709,6.403642116212708,7.927214259343407e-20,99.99374686286399
-0.7983062737005869,642716.26836029,6.4271626836029,7.927214259343407e-20,99.99374686286399
-0.797002223460714,645062.9807343109,6.450629807343109,7.927214259343407e-20,99.99374686286399
-0.795692564411233,647404.272980712,6.4740427298071195,7.927214259343407e-20,99.99374686286399
-0.7943772845160719,649740.0698686794,6.497400698686794,7.927214259343407e-20,99.99374686286399
-0.7930563717391585,652070.296706201,6.520702967062011,7.927214259343407e-20,99.99374686286399
-0.7917298140444208,654394.8793471414,6.543948793471414,7.927214259343407e-20,99.99374686286399
-0.7903975993957867,656713.7441980944,6.567137441980943,7.927214259343407e-20,99.99374686286399
-0.7890597157571839,659026.8182249551,6.5902681822495515,7.927214259343407e-20,99.99374686286399
-0.7877161510925406,661334.0289595827,6.613340289595826,7.927214259343407e-20,99.99374686286399
-0.786366893365784,663635.3045063928,6.636353045063928,7.927214259343407e-20,99.99374686286399
-0.7850119305408428,665930.5735488771,6.659305735488771,7.927214259343407e-20,99.99374686286399
-0.7836512505816443,668219.7653562424,6.682197653562424,7.927214259343407e-20,99.99374686286399
-0.7822848414521167,670502.809789714,6.705028097897141,7.927214259343407e-20,99.99374686286399
-0.780912691116188,672779.6373086098,6.727796373086098,7.927214259343407e-20,99.99374686286399
-0.7795347875377855,675050.1789765034,6.750501789765035,7.927214259343407e-20,99.99374686286399
-0.7781511186808376,677314.3664673091,6.773143664673091,7.927214259343407e-20,99.99374686286399
-0.776761672509272,679572.1320712856,6.795721320712857,7.927214259343407e-20,99.99374686286399
-0.7753664369870166,681823.4087008386,6.818234087008386,7.927214259343407e-20,99.99374686286399
-0.7739654000779992,684068.1298969924,6.8406812989699235,7.927214259343407e-20,99.99374686286399
-0.7725585497461478,686306.2298347217,6.8630622983472165,7.927214259343407e-20,99.99374686286399
-0.7711458739553902,688537.6433279704,6.8853764332797045,7.927214259343407e-20,99.99374686286399
-0.7697273606696543,690762.3058355702,6.907623058355703,7.927214259343407e-20,99.99374686286399
-0.7683029978528682,692980.1534666833,6.929801534666833,7.927214259343407e-20,99.99374686286399
-0.7668727734689593,695191.1229862495,6.951911229862495,7.927214259343407e-20,99.99374686286399
-0.7654366754818558,697395.1518204095,6.973951518204094,7.927214259343407e-20,99.99374686286399
-0.7639946918554856,699592.1780614604,6.995921780614603,7.927214259343407e-20,99.99374686286399
-0.7625468105537765,701782.140472875,7.01782140472875,7.927214259343407e-20,99.99374686286399
-0.7610930195406563,703964.9784942765,7.039649784942765,7.927214259343407e-20,99.99374686286399
-0.7596333067800531,706140.6322460759,7.061406322460758,7.927214259343407e-20,99.99374686286399
-0.7581676602358947,708309.0425344255,7.083090425344255,7.927214259343407e-20,99.99374686286399
-0.7566960678721089,710470.1508566471,7.104701508566471,7.927214259343407e-20,99.99374686286399
-0.7552185176526234,712623.8994040852,7.126238994040852,7.927214259343407e-20,99.99374686286399
-0.7537349975413665,714770.2310674773,7.147702310674773,7.927214259343407e-20,99.99374686286399
-0.7522454955022658,716909.0894413354,7.169090894413355,7.927214259343407e-20,99.99374686286399
-0.7507499994992493,719040.4188282335,7.1904041882823355,7.927214259343407e-20,99.99374686286399
-0.7492484974962447,721164.1642429997,7.211641642429997,7.927214259343407e-20,99.99374686286399
-0.7477409774571802,723280.2714161314,7.232802714161314,7.927214259343407e-20,99.99374686286399
-0.7462274273459834,725388.6867994483,7.253886867994484,7.927214259343407e-20,99.99374686286399
-0.7447078351265822,727489.3575675666,7.274893575675666,7.927214259343407e-20,99.99374686286399
-0.7431821887629046,729582.2316222852,7.295822316222853,7.927214259343407e-20,99.99374686286399
-0.7416504762188784,731667.2575968261,7.31667257596826,7.927214259343407e-20,99.99374686286399
-0.7401126854584316,733744.3848594205,7.337443848594204,7.927214259343407e-20,99.99374686286399
-0.7385688044454919,735813.5635161754,7.358135635161753,7.927214259343407e-20,99.99374686286399
-0.7370188211439874,737874.7444154546,7.378747444154546,7.927214259343407e-20,99.99374686286399
-0.7354627235178458,739927.8791490096,7.399278791490096,7.927214259343407e-20,99.99374686286399
-0.7339004995309948,741972.9200557503,7.419729200557502,7.927214259343407e-20,99.99374686286399
-0.7323321371473628,744009.8202256599,7.440098202256599,7.927214259343407e-20,99.99374686286399
-0.7307576243308773,746038.5335024223,7.460385335024223,7.927214259343407e-20,99.99374686286399
-0.7291769490454663,748059.0144862038,7.480590144862038,7.927214259343407e-20,99.99374686286399
-0.7275900992550576,750071.2185355022,7.500712185355022,7.927214259343407e-20,99.99374686286399
-0.725997062923579,752075.1017686179,7.5207510176861785,7.927214259343407e-20,99.99374686286399
-0.7243978280149586,754070.6210683569,7.5407062106835685,7.927214259343407e-20,99.99374686286399
-0.7227923824931243,756057.7340838711,7.560577340838711,7.927214259343407e-20,99.99374686286399
-0.7211807143220038,758036.3992334837,7.580363992334838,7.927214259343407e-20,99.99374686286399
-0.719562811465525,760006.5757034887,7.600065757034886,7.927214259343407e-20,99.99374686286399
-0.7179386618876158,761968.2234522873,7.619682234522872,7.927214259343407e-20,99.99374686286399
-0.7163082535522042,763921.3032131693,7.639213032131694,7.927214259343407e-20,99.99374686286399
-0.7146715744232179,765865.7764959271,7.658657764959272,7.927214259343407e-20,99.99374686286399
-0.713028612464585,767801.6055861788,7.6780160558617885,7.927214259343407e-20,99.99374686286399
-0.7113793556402332,769728.7535473882,7.697287535473882,7.927214259343407e-20,99.99374686286399
-0.7097237919140902,771647.1842245731,7.716471842245731,7.927214259343407e-20,99.99374686286399
-0.7080619092500844,773556.8622453491,7.735568622453491,7.927214259343407e-20,99.99374686286399
-0.7063936956121433,775457.7530177411,7.754577530177412,7.927214259343407e-20,99.99374686286399
-0.7047191389641949,777349.8227331399,7.773498227331398,7.927214259343407e-20,99.99374686286399
-0.703038227270167,779233.0383688918,7.792330383688919,7.927214259343407e-20,99.99374686286399
-0.7013509484939874,781107.3676886105,7.811073676886105,7.927214259343407e-20,99.99374686286399
-0.6996572905995841,782972.7792388067,7.829727792388066,7.927214259343407e-20,99.99374686286399
-0.6979572415508852,784829.242354185,7.848292423541849,7.927214259343407e-20,99.99374686286399
-0.6962507893118184,786676.7271582416,7.8667672715824155,7.927214259343407e-20,99.99374686286399
-0.6945379218463115,788515.2045599698,7.885152045599698,7.927214259343407e-20,99.99374686286399
-0.6928186271182921,790344.646255728,7.903446462557279,7.927214259343407e-20,99.99374686286399
-0.6910928930916886,792165.0247315828,7.921650247315828,7.927214259343407e-20,99.99374686286399
-0.6893607077304289,793976.3132614682,7.939763132614682,7.927214259343407e-20,99.99374686286399
-0.6876220589984404,795778.4859046834,7.957784859046834,7.927214259343407e-20,99.99374686286399
-0.6858769348596514,797571.5175107614,7.975715175107614,7.927214259343407e-20,99.99374686286399
-0.6841253232779894,799355.3837167226,7.993553837167227,7.927214259343407e-20,99.99374686286399
-0.6823672122173827,801130.0609437356,8.011300609437356,7.927214259343407e-20,99.99374686286399
-0.6806025896417589,802895.5264021961,8.028955264021961,7.927214259343407e-20,99.99374686286399
-0.6788314435150461,804651.758088214,8.04651758088214,7.927214259343407e-20,99.99374686286399
-0.677053761801172,806398.7347804817,8.063987347804817,7.927214259343407e-20,99.99374686286399
-0.6752695324640643,808136.4360447213,8.081364360447212,7.927214259343407e-20,99.99374686286399
-0.6734787434676512,809864.8422290081,8.098648422290081,7.927214259343407e-20,99.99374686286399
-0.6716813827758606,811583.9344619826,8.115839344619825,7.927214259343407e-20,99.99374686286399
-0.6698774383526203,813293.6946568723,8.132936946568723,7.927214259343407e-20,99.99374686286399
-0.6680668981618578,814994.1055028458,8.149941055028458,7.927214259343407e-20,99.99374686286399
-0.6662497501675018,816685.1504691989,8.166851504691989,7.927214259343407e-20,99.99374686286399
-0.6644259823334795,818366.8138034822,8.183668138034822,7.927214259343407e-20,99.99374686286399
-0.6625955826237189,820039.0805249262,8.200390805249262,7.927214259343407e-20,99.99374686286399
-0.660758539002148,821701.9364300949,8.217019364300949,7.927214259343407e-20,99.99374686286399
-0.6589148394326945,823355.3680849376,8.233553680849376,7.927214259343407e-20,99.99374686286399
-0.6570644718792866,824999.3628255158,8.249993628255158,7.927214259343407e-20,99.99374686286399
-0.6552074243058521,826633.9087577115,8.266339087577116,7.927214259343407e-20,99.99374686286399
-0.6533436846763186,828258.9947493537,8.282589947493538,7.927214259343407e-20,99.99374686286399
-0.6514732409546142,829874.6104361584,8.298746104361584,7.927214259343407e-20,99.99374686286399
-0.6495960811046666,831480.7462110803,8.314807462110803,7.927214259343407e-20,99.99374686286399
-0.6477121930904041,833077.3932282312,8.330773932282312,7.927214259343407e-20,99.99374686286399
-0.6458215648757542,834664.5433973991,8.346645433973992,7.927214259343407e-20,99.99374686286399
-0.6439241844246448,836242.1893809041,8.36242189380904,7.927214259343407e-20,99.99374686286399
-0.6420200397010041,837810.3245943134,8.378103245943134,7.927214259343407e-20,99.99374686286399
-0.6401091186687593,839368.9431977782,8.393689431977782,7.927214259343407e-20,99.99374686286399
-0.638191409291839,840918.0401008204,8.409180401008204,7.927214259343407e-20,99.99374686286399
-0.6362668995341708,842457.6109504892,8.424576109504892,7.927214259343407e-20,99.99374686286399
-0.6343355773596826,843987.652137483,8.43987652137483,7.927214259343407e-20,99.99374686286399
-0.6323974307323023,845508.1607839743,8.455081607839743,7.927214259343407e-20,99.99374686286399
-0.6304524476159574,847019.1347485781,8.47019134748578,7.927214259343407e-20,99.99374686286399
-0.6285006159745764,848520.5726156981,8.48520572615698,7.927214259343407e-20,99.99374686286399
-0.6265419237720868,850012.4736982718,8.500124736982718,7.927214259343407e-20,99.99374686286399
-0.6245763589724167,851494.8380289215,8.514948380289216,7.927214259343407e-20,99.99374686286399
-0.6226039095394938,852967.6663609113,8.529676663609113,7.927214259343407e-20,99.99374686286399
-0.6206245634372459,854430.960160105,8.54430960160105,7.927214259343407e-20,99.99374686286399
-0.6186383086296012,855884.7216054872,8.558847216054872,7.927214259343407e-20,99.99374686286399
-0.6166451330804874,857328.953580488,8.57328953580488,7.927214259343407e-20,99.99374686286399
-0.6146450247538323,858763.6596744462,8.587636596744462,7.927214259343407e-20,99.99374686286399
-0.6126379716135639,860188.844172216,8.60188844172216,7.927214259343407e-20,99.99374686286399
-0.6106239616236098,861604.5120571322,8.616045120571322,7.927214259343407e-20,99.99374686286399
-0.6086029827478985,863010.6689989924,8.630106689989924,7.927214259343407e-20,99.99374686286399
-0.6065750229503573,864407.3213577549,8.644073213577549,7.927214259343407e-20,99.99374686286399
-0.6045400701949143,865794.4761713486,8.657944761713486,7.927214259343407e-20,99.99374686286399
-0.6024981124454973,867172.1411581093,8.671721411581093,7.927214259343407e-20,99.99374686286399
-0.6004491376660341,868540.3247067389,8.68540324706739,7.927214259343407e-20,99.99374686286399
-0.598393133820453,869899.0358752119,8.69899035875212,7.927214259343407e-20,99.99374686286399
-0.5963300888726815,871248.2843846201,8.712482843846201,7.927214259343407e-20,99.99374686286399
-0.5942599907866477,872588.0806135391,8.725880806135391,7.927214259343407e-20,99.99374686286399
-0.5921828275262793,873918.4355965483,8.739184355965483,7.927214259343407e-20,99.99374686286399
-0.5900985870555039,875239.3610137098,8.752393610137098,7.927214259343407e-20,99.99374686286399
-0.58800725733825,876550.8691917199,8.7655086919172,7.927214259343407e-20,99.99374686286399
-0.5859088263384451,877852.9730940557,8.778529730940557,7.927214259343407e-20,99.99374686286399
-0.5838032820200174,879145.6863178607,8.791456863178608,7.927214259343407e-20,99.99374686286399
-0.5816906123468943,880429.0230901587,8.804290230901588,7.927214259343407e-20,99.99374686286399
-0.579570805283004,881702.9982582266,8.817029982582266,7.927214259343407e-20,99.99374686286399
-0.5774438487922743,882967.6272894698,8.829676272894698,7.927214259343407e-20,99.99374686286399
-0.5753097308386331,884222.926262206,8.84222926262206,7.927214259343407e-20,99.99374686286399
-0.5731684393860084,885468.9118611526,8.854689118611526,7.927214259343407e-20,99.99374686286399
-0.5710199623983279,886705.6013741345,8.867056013741346,7.927214259343407e-20,99.99374686286399
-0.5688642878395193,887933.0126824287,8.879330126824287,7.927214259343407e-20,99.99374686286399
-0.566701403673511,889151.1642580802,8.891511642580802,7.927214259343407e-20,99.99374686286399
-0.5645312978642305,890360.0751586456,8.903600751586456,7.927214259343407e-20,99.99374686286399
-0.5623539583756056,891559.7650180043,8.915597650180043,7.927214259343407e-20,99.99374686286399
-0.5601693731715647,892750.2540439329,8.92750254043933,7.927214259343407e-20,99.99374686286399
-0.5579775302160349,893931.5630118784,8.939315630118784,7.927214259343407e-20,99.99374686286399
-0.5557784174729448,895103.713256305,8.95103713256305,7.927214259343407e-20,99.99374686286399
-0.553572022906222,896266.7266676917,8.962667266676917,7.927214259343407e-20,99.99374686286399
-0.5513583344797943,897420.6256863204,8.974206256863203,7.927214259343407e-20,99.99374686286399
-0.5491373401575895,898565.4332936186,8.985654332936186,7.927214259343407e-20,99.99374686286399
-0.5469090279035358,899701.1730084881,8.997011730084882,7.927214259343407e-20,99.99374686286399
-0.5446733856815611,900827.8688814656,9.008278688814656,7.927214259343407e-20,99.99374686286399
-0.5424304014555928,901945.5454861255,9.019455454861255,7.927214259343407e-20,99.99374686286399
-0.5401800631895592,903054.2279144742,9.030542279144742,7.927214259343407e-20,99.99374686286399
-0.5379223588473878,904153.9417710773,9.041539417710773,7.927214259343407e-20,99.99374686286399
-0.5356572763930071,905244.713166147,9.05244713166147,7.927214259343407e-20,99.99374686286399
-0.5333848037903445,906326.5687080937,9.063265687080937,7.927214259343407e-20,99.99374686286399
-0.531104929003328,907399.5354987492,9.073995354987492,7.927214259343407e-20,99.99374686286399
-0.5288176399958854,908463.6411269637,9.084636411269637,7.927214259343407e-20,99.99374686286399
-0.5265229247319445,909518.9136609139,9.09518913660914,7.927214259343407e-20,99.99374686286399
-0.5242207711754334,910565.3816419562,9.105653816419562,7.927214259343407e-20,99.99374686286399
-0.5219111672902801,911603.0740787048,9.116030740787048,7.927214259343407e-20,99.99374686286399
-0.5195941010404123,912632.0204406321,9.126320204406321,7.927214259343407e-20,99.99374686286399
-0.5172695603897577,913652.2506507233,9.136522506507234,7.927214259343407e-20,99.99374686286399
-0.5149375333022442,914663.7950786978,9.146637950786978,7.927214259343407e-20,99.99374686286399
-0.5125980077418002,915666.6845351781,9.156666845351781,7.927214259343407e-20,99.99374686286399
-0.510250971672353,916660.9502649301,9.166609502649301,7.927214259343407e-20,99.99374686286399
-0.5078964130578307,917646.6239402299,9.176466239402298,7.927214259343407e-20,99.99374686286399
-0.5055343198621614,918623.7376530619,9.186237376530618,7.927214259343407e-20,99.99374686286399
-0.5031646800492722,919592.3239097206,9.195923239097207,7.927214259343407e-20,99.99374686286399
-0.5007874815830919,920552.4156234553,9.205524156234553,7.927214259343407e-20,99.99374686286399
-0.498402712427548,921504.0461080633,9.215040461080633,7.927214259343407e-20,99.99374686286399
-0.49601036054656844,922447.2490710526,9.224472490710527,7.927214259343407e-20,99.99374686286399
-0.49361041390408095,923382.0586064078,9.233820586064079,7.927214259343407e-20,99.99374686286399
-0.49120286046401346,924308.5091880076,9.243085091880076,7.927214259343407e-20,99.99374686286399
-0.48878768819029395,925226.6356630892,9.252266356630892,7.927214259343407e-20,99.99374686286399
-0.48636488504685027,926136.473245256,9.26136473245256,7.927214259343407e-20,99.99374686286399
-0.48393443899761035,927038.057507717,9.270380575077171,7.927214259343407e-20,99.99374686286399
-0.48149633800650193,927931.4243764123,9.279314243764123,7.927214259343407e-20,99.99374686286399
-0.4790505700374527,928816.6101231541,9.28816610123154,7.927214259343407e-20,99.99374686286399
-0.47659712305439106,929693.6513583664,9.296936513583663,7.927214259343407e-20,99.99374686286399
-0.47413598502124465,930562.5850250806,9.305625850250806,7.927214259343407e-20,99.99374686286399
-0.4716671439019413,931423.4483914905,9.314234483914905,7.927214259343407e-20,99.99374686286399
-0.46919058766040905,932276.2790443111,9.322762790443111,7.927214259343407e-20,99.99374686286399
-0.46670630426057513,933121.1148819138,9.331211148819138,7.927214259343407e-20,99.99374686286399
-0.46421428166636836,933957.9941074671,9.339579941074671,7.927214259343407e-20,99.99374686286399
-0.4617145078417162,934786.9552220831,9.347869552220832,7.927214259343407e-20,99.99374686286399
-0.4592069707505464,935608.0370179723,9.356080370179724,7.927214259343407e-20,99.99374686286399
-0.45669165835678704,936421.2785716036,9.364212785716036,7.927214259343407e-20,99.99374686286399
-0.45416855862436567,937226.7192368017,9.372267192368017,7.927214259343407e-20,99.99374686286399
-0.4516376595172107,938024.3986380091,9.38024398638009,7.927214259343407e-20,99.99374686286399
-0.44909894899924974,938814.3566635987,9.388143566635987,7.927214259343407e-20,99.99374686286399
-0.4465524150344106,939596.6334588863,9.395966334588863,7.927214259343407e-20,99.99374686286399
-0.4439980455866212,940371.2694194164,9.403712694194164,7.927214259343407e-20,99.99374686286399
-0.44143582861980935,941138.3051841868,9.411383051841868,7.927214259343407e-20,99.99374686286399
-0.4388657520979032,941897.781628887,9.418977816288871,7.927214259343407e-20,99.99374686286399
-0.43628780398483036,942649.7398591529,9.426497398591529,7.927214259343407e-20,99.99374686286399
-0.4337019722445189,943394.2212038398,9.433942212038398,7.927214259343407e-20,99.99374686286399
-0.4311082448408966,944131.2672083123,9.441312672083123,7.927214259343407e-20,99.99374686286399
-0.428506609737891,944860.9196277545,9.448609196277545,7.927214259343407e-20,99.99374686286399
-0.42589705489943064,945583.220420498,9.455832204204981,7.927214259343407e-20,99.99374686286399
-0.423279568289443,946298.2117413558,9.462982117413558,7.927214259343407e-20,99.99374686286399
-0.42065413787185624,947005.9359349926,9.470059359349927,7.927214259343407e-20,99.99374686286399
-0.41802075161059776,947706.4355293468,9.477064355293468,7.927214259343407e-20,99.99374686286399
-0.41537939746959573,948399.7532290508,9.483997532290507,7.927214259343407e-20,99.99374686286399
-0.4127300634127781,949085.9319088806,9.490859319088806,7.927214259343407e-20,99.99374686286399
-0.4100727374040728,949765.0146072304,9.497650146072305,7.927214259343407e-20,99.99374686286399
-0.40740740740740755,950437.044519616,9.50437044519616,7.927214259343407e-20,99.99374686286399
-0.4047340613867102,951102.0649922056,9.511020649922056,7.927214259343407e-20,99.99374686286399
-0.4020526873059083,951760.1195153828,9.517601195153828,7.927214259343407e-20,99.99374686286399
-0.3993632731289306,952411.2517173396,9.524112517173396,7.927214259343407e-20,99.99374686286399
-0.39666580681970454,953055.5053577018,9.530555053577018,7.927214259343407e-20,99.99374686286399
-0.39396027634215774,953692.9243211884,9.536929243211883,7.927214259343407e-20,99.99374686286399
-0.3912466696602185,954323.5526113044,9.543235526113044,7.927214259343407e-20,99.99374686286399
-0.38852497473781417,954947.4343440371,9.549474343440371,7.927214259343407e-20,99.99374686286399
-0.3857951795388732,955564.613741665,9.55564613741665,7.927214259343407e-20,99.99374686286399
-0.3830572720273232,956175.135126616,9.56175135126616,7.927214259343407e-20,99.99374686286399
-0.38031124016709217,956779.0429151341,9.56779042915134,7.927214259343407e-20,99.99374686286399
-0.3775570719221076,957376.3816112453,9.573763816112454,7.927214259343407e-20,99.99374686286399
-0.37479475525629774,957967.1958006754,9.579671958006754,7.927214259343407e-20,99.99374686286399
-0.3720242781335906,958551.5301448104,9.585515301448105,7.927214259343407e-20,99.99374686286399
-0.36924562851791387,959129.4293746983,9.591294293746984,7.927214259343407e-20,99.99374686286399
-0.3664587943731954,959700.9382850953,9.597009382850953,7.927214259343407e-20,99.99374686286399
-0.3636637636633627,960266.1017285528,9.602661017285529,7.927214259343407e-20,99.99374686286399
-0.3608605243523444,960824.9646094374,9.608249646094373,7.927214259343407e-20,99.99374686286399
-0.35804906440406803,961377.5718784028,9.613775718784028,7.927214259343407e-20,99.99374686286399
-0.3552293717824615,961923.968526172,9.61923968526172,7.927214259343407e-20,99.99374686286399
-0.35240143445145256,962464.1995780113,9.624641995780113,7.927214259343407e-20,99.99374686286399
-0.34956524037496894,962998.3100880746,9.629983100880747,7.927214259343407e-20,99.99374686286399
-0.34672077751693897,963526.3451337741,9.63526345133774,7.927214259343407e-20,99.99374686286399
-0.3438680338412904,964048.3498101252,9.640483498101252,7.927214259343407e-20,99.99374686286399
-0.34100699731195094,964564.3692243249,9.64564369224325,7.927214259343407e-20,99.99374686286399
-0.3381376558928486,965074.4484900181,9.650744484900182,7.927214259343407e-20,99.99374686286399
-0.3352599975479109,965578.6327218678,9.655786327218678,7.927214259343407e-20,99.99374686286399
-0.3323740102410664,966076.9670303236,9.660769670303235,7.927214259343407e-20,99.99374686286399
-0.32947968193624266,966569.4965162723,9.665694965162723,7.927214259343407e-20,99.99374686286399
-0.3265770005973674,967056.2662657577,9.670562662657577,7.927214259343407e-20,99.99374686286399
-0.32366595418836863,967537.3213446048,9.675373213446049,7.927214259343407e-20,99.99374686286399
-0.32074653067317394,968012.7067931235,9.680127067931235,7.927214259343407e-20,99.99374686286399
-0.3178187180157117,968482.4676212975,9.684824676212974,7.927214259343407e-20,99.99374686286399
-0.3148825041799097,968946.6488035982,9.689466488035983,7.927214259343407e-20,99.99374686286399
-0.3119378771296957,969405.2952740592,9.694052952740591,7.927214259343407e-20,99.99374686286399
-0.3089848248289975,969858.4519208133,9.698584519208133,7.927214259343407e-20,99.99374686286399
-0.30602333524174274,970306.163581677,9.70306163581677,7.927214259343407e-20,99.99374686286399
-0.3030533963318599,970748.4750392538,9.707484750392538,7.927214259343407e-20,99.99374686286399
-0.3000749960632767,971185.4310161421,9.71185431016142,7.927214259343407e-20,99.99374686286399
-0.2970881223999208,971617.0761697004,9.716170761697004,7.927214259343407e-20,99.99374686286399
-0.2940927633057202,972043.4550879451,9.720434550879451,7.927214259343407e-20,99.99374686286399
-0.2910889067446024,972464.6122848807,9.724646122848807,7.927214259343407e-20,99.99374686286399
-0.28807654068049593,972880.5921956209,9.728805921956209,7.927214259343407e-20,99.99374686286399
-0.2850556530773284,973291.4391718627,9.732914391718626,7.927214259343407e-20,99.99374686286399
-0.28202623189902776,973697.1974778582,9.736971974778582,7.927214259343407e-20,99.99374686286399
-0.2789882651095217,974097.9112858261,9.74097911285826,7.927214259343407e-20,99.99374686286399
-0.2759417406727378,974493.6246711656,9.744936246711656,7.927214259343407e-20,99.99374686286399
-0.27288664655260475,974884.3816088794,9.748843816088794,7.927214259343407e-20,99.99374686286399
-0.26982297071305006,975270.225969181,9.75270225969181,7.927214259343407e-20,99.99374686286399
-0.2667507011180015,975651.2015127813,9.756512015127813,7.927214259343407e-20,99.99374686286399
-0.263669825731387,976027.351887555,9.76027351887555,7.927214259343407e-20,99.99374686286399
-0.2605803325171341,976398.7206242874,9.763987206242874,7.927214259343407e-20,99.99374686286399
-0.25748220943917133,976765.3511321926,9.767653511321926,7.927214259343407e-20,99.99374686286399
-0.25437544446142635,977127.2866957927,9.771272866957927,7.927214259343407e-20,99.99374686286399
-0.251260025547827,977484.5704706431,9.774845704706431,7.927214259343407e-20,99.99374686286399
-0.24813594066230105,977837.2454793304,9.778372454793304,7.927214259343407e-20,99.99374686286399
-0.24500317776877614,978185.3546084864,9.781853546084864,7.927214259343407e-20,99.99374686286399
-0.24186172483118074,978528.9406042218,9.785289406042217,7.927214259343407e-20,99.99374686286399
-0.23871156981344252,978868.0460691738,9.788680460691738,7.927214259343407e-20,99.99374686286399
-0.2355527006794892,979202.7134588996,9.792027134588997,7.927214259343407e-20,99.99374686286399
-0.23238510539324886,979532.9850778716,9.795329850778716,7.927214259343407e-20,99.99374686286399
-0.22920877191864886,979858.9030769748,9.798589030769747,7.927214259343407e-20,99.99374686286399
-0.2260236882196178,980180.5094491646,9.801805094491646,7.927214259343407e-20,99.99374686286399
-0.2228298422600834,980497.8460269636,9.804978460269636,7.927214259343407e-20,99.99374686286399
-0.21962722200397322,980810.9544788564,9.808109544788564,7.927214259343407e-20,99.99374686286399
-0.21641581541521537,981119.8763060886,9.811198763060887,7.927214259343407e-20,99.99374686286399
-0.21319561045773738,981424.6528399443,9.814246528399444,7.927214259343407e-20,99.99374686286399
-0.20996659509546767,981725.325238057,9.817253252380569,7.927214259343407e-20,99.99374686286399
-0.20672875729233395,982021.934482293,9.82021934482293,7.927214259343407e-20,99.99374686286399
-0.20348208501226395,982314.5213748481,9.82314521374848,7.927214259343407e-20,99.99374686286399
-0.2002265662191853,982603.1265364466,9.826031265364467,7.927214259343407e-20,99.99374686286399
-0.19696218887702654,982887.7904024954,9.828877904024955,7.927214259343407e-20,99.99374686286399
-0.19368894094971525,983168.5532213886,9.831685532213886,7.927214259343407e-20,99.99374686286399
-0.19040681040117924,983445.4550508461,9.834454550508461,7.927214259343407e-20,99.99374686286399
-0.18711578519534633,983718.5357562756,9.837185357562756,7.927214259343407e-20,99.99374686286399
-0.18381585329614425,983987.835007283,9.83987835007283,7.927214259343407e-20,99.99374686286399
-0.18050700266750141,984253.3922761338,9.842533922761337,7.927214259343407e-20,99.99374686286399
-0.17718922127334547,984515.2468343901,9.845152468343901,7.927214259343407e-20,99.99374686286399
-0.17386249707760415,984773.4377514925,9.847734377514925,7.927214259343407e-20,99.99374686286399
-0.17052681804420544,985028.0038915493,9.850280038915493,7.927214259343407e-20,99.99374686286399
-0.16718217213707687,985278.9839119439,9.852789839119438,7.927214259343407e-20,99.99374686286399
-0.16382854732014696,985526.4162604327,9.855264162604326,7.927214259343407e-20,99.99374686286399
-0.16046593155734323,985770.3391735677,9.857703391735678,7.927214259343407e-20,99.99374686286399
-0.15709431281259378,986010.7906743261,9.860107906743261,7.927214259343407e-20,99.99374686286399
-0.15371367904982614,986247.8085701801,9.8624780857018,7.927214259343407e-20,99.99374686286399
-0.15032401823296804,986481.4304513917,9.864814304513917,7.927214259343407e-20,99.99374686286399
-0.14692531832594813,986711.6936886284,9.867116936886283,7.927214259343407e-20,99.99374686286399
-0.14351756729269383,986938.6354317891,9.869386354317891,7.927214259343407e-20,99.99374686286399
-0.140100753097133,987162.2926076509,9.871622926076508,7.927214259343407e-20,99.99374686286399
-0.13667486370319348,987382.7019185225,9.873827019185224,7.927214259343407e-20,99.99374686286399
-0.13323988707480294,987599.8998406086,9.875998998406086,7.927214259343407e-20,99.99374686286399
-0.1297958111758899,987813.9226220736,9.878139226220735,7.927214259343407e-20,99.99374686286399
-0.12634262397038187,988024.8062820102,9.880248062820101,7.927214259343407e-20,99.99374686286399
-0.12288031342220673,988232.5866085626,9.882325866085626,7.927214259343407e-20,99.99374686286399
-0.11940886749529245,988437.2991576367,9.884372991576367,7.927214259343407e-20,99.99374686286399
-0.11592827415356632,988638.9792517411,9.886389792517411,7.927214259343407e-20,99.99374686286399
-0.11243852136095722,988837.6619783109,9.88837661978311,7.927214259343407e-20,99.99374686286399
-0.10893959708139254,989033.3821886934,9.890333821886934,7.927214259343407e-20,99.99374686286399
-0.1054314892788002,989226.1744970536,9.892261744970536,7.927214259343407e-20,99.99374686286399
-0.1019141859171079,989416.0732789139,9.894160732789139,7.927214259343407e-20,99.99374686286399
-0.09838767496024337,989603.1126702883,9.896031126702884,7.927214259343407e-20,99.99374686286399
-0.09485194437213518,989787.3265667298,9.897873265667299,7.927214259343407e-20,99.99374686286399
-0.09130698211671073,989968.748622095,9.89968748622095,7.927214259343407e-20,99.99374686286399
-0.08775277615789812,990147.4122477667,9.901474122477667,7.927214259343407e-20,99.99374686286399
-0.08418931445962496,990323.3506118339,9.903233506118339,7.927214259343407e-20,99.99374686286399
-0.08061658498581892,990496.5966382127,9.904965966382127,7.927214259343407e-20,99.99374686286399
-0.07703457570040861,990667.1830057547,9.906671830057547,7.927214259343407e-20,99.99374686286399
-0.07344327456732158,990835.1421476976,9.908351421476976,7.927214259343407e-20,99.99374686286399
-0.06984266955048557,991000.5062509961,9.910005062509962,7.927214259343407e-20,99.99374686286399
-0.06623274861382855,991163.3072555807,9.911633072555807,7.927214259343407e-20,99.99374686286399
-0.06261349972127805,991323.5768538192,9.913235768538192,7.927214259343407e-20,99.99374686286399
-0.058984910836762605,991481.3464900542,9.914813464900542,7.927214259343407e-20,99.99374686286399
-0.05534696992420984,991636.6473601391,9.916366473601391,7.927214259343407e-20,99.99374686286399
-0.05169966494754764,991789.5104109554,9.917895104109554,7.927214259343407e-20,99.99374686286399
-0.04804298387070372,991939.9663399967,9.919399663399966,7.927214259343407e-20,99.99374686286399
-0.044376914657605626,992088.0455951275,9.920880455951275,7.927214259343407e-20,99.99374686286399
-0.04070144527218211,992233.778374276,9.92233778374276,7.927214259343407e-20,99.99374686286399
-0.0370165636783607,992377.1946252021,9.923771946252021,7.927214259343407e-20,99.99374686286399
-0.033322257840069036,992518.3240452565,9.925183240452565,7.927214259343407e-20,99.99374686286399
-0.02961851572123531,992657.1960812348,9.926571960812348,7.927214259343407e-20,99.99374686286399
-0.025905325285786707,992793.8399293184,9.927938399293184,7.927214259343407e-20,99.99374686286399
-0.0221826744976521,992928.2845349901,9.929282845349901,7.927214259343407e-20,99.99374686286399
-0.0184505513207589,993060.5585930231,9.93060558593023,7.927214259343407e-20,99.99374686286399
-0.014708943719034974,993190.6905475002,9.931906905475001,7.927214259343407e-20,99.99374686286399
-0.010957839656408286,993318.7085918614,9.933187085918615,7.927214259343407e-20,99.99374686286399
-0.007197227096806258,993444.640669002,9.93444640669002,7.927214259343407e-20,99.99374686286399
-0.003427094004157527,993568.5144714668,9.935685144714668,7.927214259343407e-20,99.99374686286399
0.00035257165761026776,993690.3574416009,9.936903574416009,7.927214259343407e-20,99.99374686286399
0.004141781924569488,993810.1967717897,9.938101967717897,7.927214259343407e-20,99.99374686286399
0.00794054883279216,993928.0594047221,9.93928059404722,7.927214259343407e-20,99.99374686286399
0.011748884418350869,994043.9720336928,9.940439720336927,7.927214259343407e-20,99.99374686286399
0.015566800717316642,994157.9611029425,9.941579611029425,7.927214259343407e-20,99.99374686286399
0.019394309765762285,994270.0528080378,9.942700528080378,7.927214259343407e-20,99.99374686286399
0.023231423599759715,994380.2730962827,9.943802730962828,7.927214259343407e-20,99.99374686286399
0.027078154255381293,994488.6476671634,9.944886476671634,7.927214259343407e-20,99.99374686286399
0.03093451376869938,994595.2019728554,9.945952019728553,7.927214259343407e-20,99.99374686286399
0.034800514175785446,994699.9612187322,9.946999612187321,7.927214259343407e-20,99.99374686286399
0.038676167512711634,994802.9503639196,9.948029503639196,7.927214259343407e-20,99.99374686286399
0.042561485815550526,994904.194121887,9.94904194121887,7.927214259343407e-20,99.99374686286399
0.04645648112037448,995003.7169610675,9.950037169610676,7.927214259343407e-20,99.99374686286399
0.05036116546325453,995101.5431055148,9.951015431055149,7.927214259343407e-20,99.99374686286399
0.0542755508802637,995197.6965355863,9.951976965355863,7.927214259343407e-20,99.99374686286399
0.05819964940747369,995292.2009886622,9.952922009886622,7.927214259343407e-20,99.99374686286399
0.06213347308095685,995385.0799598917,9.953850799598918,7.927214259343407e-20,99.99374686286399
0.06607703393678577,995476.3567029726,9.954763567029726,7.927214259343407e-20,99.99374686286399
0.07003034401103148,995566.0542309558,9.955660542309557,7.927214259343407e-20,99.99374686286399
0.07399341533976678,995654.1953170837,9.956541953170838,7.927214259343407e-20,99.99374686286399
0.07796625995906359,995740.8024956532,9.957408024956532,7.927214259343407e-20,99.99374686286399
0.08194888990499405,995825.8980629067,9.958258980629067,7.927214259343407e-20,99.99374686286399
0.08594131721363074,995909.5040779514,9.959095040779514,7.927214259343407e-20,99.99374686286399
0.08994355392104492,995991.6423637052,9.959916423637052,7.927214259343407e-20,99.99374686286399
0.09395561206330938,996072.3345078665,9.960723345078666,7.927214259343407e-20,99.99374686286399
0.09797750367649583,996151.6018639089,9.96151601863909,7.927214259343407e-20,99.99374686286399
0.10200924079667663,996229.4655521034,9.962294655521033,7.927214259343407e-20,99.99374686286399
0.10605083545992433,996305.9464605711,9.963059464605712,7.927214259343407e-20,99.99374686286399
0.11010229970231022,996381.0652463377,9.963810652463376,7.927214259343407e-20,99.99374686286399
0.11416364555990666,996454.8423364282,9.964548423364283,7.927214259343407e-20,99.99374686286399
0.11823488506878597,996527.2979289844,9.965272979289844,7.927214259343407e-20,99.99374686286399
0.12231603026502014,996598.4519943978,9.965984519943978,7.927214259343407e-20,99.99374686286399
0.12640709318468168,996668.3242764685,9.966683242764685,7.927214259343407e-20,99.99374686286399
0.1305080858638421,996736.9342935807,9.967369342935807,7.927214259343407e-20,99.99374686286399
0.13461902033857376,996804.3013399026,9.968043013399026,7.927214259343407e-20,99.99374686286399
0.13873990864494878,996870.4444865938,9.968704444865939,7.927214259343407e-20,99.99374686286399
0.14287076281903932,996935.3825830627,9.969353825830627,7.927214259343407e-20,99.99374686286399
0.14701159489691773,996999.134258189,9.96999134258189,7.927214259343407e-20,99.99374686286399
0.1511624169146557,997061.7179216096,9.970617179216097,7.927214259343407e-20,99.99374686286399
0.1553232409083254,997123.1517650107,9.971231517650107,7.927214259343407e-20,99.99374686286399
0.15949407891399914,997183.4537634362,9.971834537634361,7.927214259343407e-20,99.99374686286399
0.1636749429677491,997242.6416766032,9.972426416766032,7.927214259343407e-20,99.99374686286399
0.16786584510564762,997300.7330502528,9.973007330502528,7.927214259343407e-20,99.99374686286399
0.17206679736376596,997357.7452174725,9.973577452174725,7.927214259343407e-20,99.99374686286399
0.17627781177817692,997413.6953000793,9.974136953000793,7.927214259343407e-20,99.99374686286399
0.18049890038495242,997468.6002100116,9.974686002100116,7.927214259343407e-20,99.99374686286399
0.1847300752201646,997522.4766507159,9.975224766507159,7.927214259343407e-20,99.99374686286399
0.18897134831988627,997575.3411185648,9.975753411185648,7.927214259343407e-20,99.99374686286399
0.19322273172018822,997627.2099042394,9.976272099042394,7.927214259343407e-20,99.99374686286399
0.1974842374571433,997678.0990941952,9.976780990941952,7.927214259343407e-20,99.99374686286399
0.20175587756682356,997728.0245721067,9.977280245721067,7.927214259343407e-20,99.99374686286399
0.206037664085301,997777.0020203238,9.977770020203238,7.927214259343407e-20,99.99374686286399
0.2103296090486486,997825.0469212969,9.978250469212968,7.927214259343407e-20,99.99374686286399
0.214631724492937,997872.1745590917,9.978721745590917,7.927214259343407e-20,99.99374686286399
0.2189440224542394,997918.4000208733,9.979184000208733,7.927214259343407e-20,99.99374686286399
0.22326651496862726,997963.7381983912,9.979637381983911,7.927214259343407e-20,99.99374686286399
0.2275992140721732,998008.2037894537,9.980082037894537,7.927214259343407e-20,99.99374686286399
0.2319421318009498,998051.8112994847,9.980518112994847,7.927214259343407e-20,99.99374686286399
0.23629528019102786,998094.5750430314,9.980945750430314,7.927214259343407e-20,99.99374686286399
0.24065867127848017,998136.5091452453,9.981365091452453,7.927214259343407e-20,99.99374686286399
0.2450323170993789,998177.627543466,9.98177627543466,7.927214259343407e-20,99.99374686286399
0.2494162296897964,998217.9439887552,9.982179439887553,7.927214259343407e-20,99.99374686286399
0.25381042108580476,998257.4720473918,9.982574720473918,7.927214259343407e-20,99.99374686286399
0.2582149033234753,998296.225102473,9.98296225102473,7.927214259343407e-20,99.99374686286399
0.262629688438881,998334.2163554634,9.983342163554633,7.927214259343407e-20,99.99374686286399
0.2670547884680934,998371.4588277062,9.983714588277062,7.927214259343407e-20,99.99374686286399
0.2714902154471852,998407.9653620481,9.984079653620482,7.927214259343407e-20,99.99374686286399
0.27593598141222864,998443.7486243731,9.984437486243731,7.927214259343407e-20,99.99374686286399
0.2803920983992949,998478.8211051585,9.984788211051585,7.927214259343407e-20,99.99374686286399
0.2848585784444566,998513.195121099,9.98513195121099,7.927214259343407e-20,99.99374686286399
0.2893354335837859,998546.8828166132,9.985468828166132,7.927214259343407e-20,99.99374686286399
0.2938226758533553,998579.8961654812,9.985798961654812,7.927214259343407e-20,99.99374686286399
0.29832031728923636,998612.2469723935,9.986122469723934,7.927214259343407e-20,99.99374686286399
0.3028283699275012,998643.946874526,9.98643946874526,7.927214259343407e-20,99.99374686286399
0.3073468458042221,998675.0073431574,9.986750073431574,7.927214259343407e-20,99.99374686286399
0.3118757569554711,998705.4396851927,9.987054396851926,7.927214259343407e-20,99.99374686286399
0.31641511541732115,998735.2550448172,9.987352550448172,7.927214259343407e-20,99.99374686286399
0.32096493322584285,998764.4644050036,9.987644644050036,7.927214259343407e-20,99.99374686286399
0.32552522241710924,998793.0785891651,9.98793078589165,7.927214259343407e-20,99.99374686286399
0.33009599502719245,998821.108262674,9.988211082626739,7.927214259343407e-20,99.99374686286399
0.33467726309216417,998848.563934493,9.98848563934493,7.927214259343407e-20,99.99374686286399
0.33926903864809765,998875.4559587124,9.988754559587123,7.927214259343407e-20,99.99374686286399
0.3438713337310635,998901.794536162,9.98901794536162,7.927214259343407e-20,99.99374686286399
0.3484841603771345,998927.5897159529,9.989275897159528,7.927214259343407e-20,99.99374686286399
0.35310753062238276,998952.851397084,9.98952851397084,7.927214259343407e-20,99.99374686286399
0.3577414565028805,998977.5893299718,9.989775893299718,7.927214259343407e-20,99.99374686286399
0.3623859500547,999001.8131180648,9.990018131180648,7.927214259343407e-20,99.99374686286399
0.367041023313913,999025.5322193524,9.990255322193525,7.927214259343407e-20,99.99374686286399
0.3717066883165916,999048.7559479815,9.990487559479815,7.927214259343407e-20,99.99374686286399
0.376382957098808,999071.4934757577,9.990714934757577,7.927214259343407e-20,99.99374686286399
0.38106984169663455,999093.7538337441,9.990937538337441,7.927214259343407e-20,99.99374686286399
0.3857673541461435,999115.5459137752,9.991155459137753,7.927214259343407e-20,99.99374686286399
0.39047550648340645,999136.8784700147,9.991368784700146,7.927214259343407e-20,99.99374686286399
0.3951943107444955,999157.7601204993,9.991577601204993,7.927214259343407e-20,99.99374686286399
0.39992377896548326,999178.1993486458,9.991781993486457,7.927214259343407e-20,99.99374686286399
0.4046639231824414,999198.2045048147,9.991982045048147,7.927214259343407e-20,99.99374686286399
0.4094147554314429,999217.7838077974,9.992177838077973,7.927214259343407e-20,99.99374686286399
0.4141762877485589,999236.9453463502,9.992369453463501,7.927214259343407e-20,99.99374686286399
0.41894853216986166,999255.6970807107,9.992556970807106,7.927214259343407e-20,99.99374686286399
0.4237315007314235,999274.0468440738,9.992740468440738,7.927214259343407e-20,99.99374686286399
0.4285252054693165,999292.0023441162,9.992920023441162,7.927214259343407e-20,99.99374686286399
0.43332965841961335,999309.5711644772,9.993095711644772,7.927214259343407e-20,99.99374686286399
0.4381448716183853,999326.7607662287,9.993267607662286,7.927214259343407e-20,99.99374686286399
0.44297085710170453,999343.5784893704,9.993435784893704,7.927214259343407e-20,99.99374686286399
0.44780762690564374,999360.0315542924,9.993600315542924,7.927214259343407e-20,99.99374686286399
0.4526551930662746,999376.1270632223,9.993761270632223,7.927214259343407e-20,99.99374686286399
0.45751356761967005,999391.8720016967,9.993918720016968,7.927214259343407e-20,99.99374686286399
0.4623827626019008,999407.2732400028,9.994072732400028,7.927214259343407e-20,99.99374686286399
0.46726279004903987,999422.3375346024,9.994223375346024,7.927214259343407e-20,99.99374686286399
0.47215366199715897,999437.0715295738,9.994370715295737,7.927214259343407e-20,99.99374686286399
0.4770553904823307,999451.4817580308,9.994514817580308,7.927214259343407e-20,99.99374686286399
0.4819679875406273,999465.5746435327,9.994655746435328,7.927214259343407e-20,99.99374686286399
0.48689146520812027,999479.3565014817,9.994793565014817,7.927214259343407e-20,99.99374686286399
0.4918258355208817,999492.8335405248,9.994928335405248,7.927214259343407e-20,99.99374686286399
0.4967711105149843,999506.0118639399,9.9950601186394,7.927214259343407e-20,99.99374686286399
0.5017273022264999,999518.8974710082,9.995188974710082,7.927214259343407e-20,99.99374686286399
0.5066944226915011,999531.4962583777,9.995314962583777,7.927214259343407e-20,99.99374686286399
0.5116724839460589,999543.8140214271,9.99543814021427,7.927214259343407e-20,99.99374686286399
0.5166614980262461,999555.856455612,9.99555856455612,7.927214259343407e-20,99.99374686286399
0.5216614769681347,999567.6291578041,9.995676291578041,7.927214259343407e-20,99.99374686286399
0.5266724328077972,999579.1376276177,9.995791376276177,7.927214259343407e-20,99.99374686286399
0.5316943775813057,999590.3872687267,9.995903872687267,7.927214259343407e-20,99.99374686286399
0.5367273233247316,999601.3833901783,9.996013833901783,7.927214259343407e-20,99.99374686286399
0.5417712820741474,999612.1312076894,9.996121312076895,7.927214259343407e-20,99.99374686286399
0.5468262658656253,999622.6358449361,9.996226358449361,7.927214259343407e-20,99.99374686286399
0.5518922867352374,999632.9023348317,9.996329023348316,7.927214259343407e-20,99.99374686286399
0.5569693567190566,999642.9356207948,9.996429356207948,7.927214259343407e-20,99.99374686286399
0.5620574878531535,999652.7405580058,9.996527405580057,7.927214259343407e-20,99.99374686286399
0.5671566921736009,999662.3219146562,9.996623219146562,7.927214259343407e-20,99.99374686286399
0.572266981716471,999671.6843731855,9.996716843731855,7.927214259343407e-20,99.99374686286399
0.577388368517836,999680.8325315062,9.996808325315062,7.927214259343407e-20,99.99374686286399
0.5825208646137685,999689.7709042205,9.996897709042205,7.927214259343407e-20,99.99374686286399
0.5876644820403394,999698.5039238249,9.996985039238249,7.927214259343407e-20,99.99374686286399
0.5928192328336215,999707.0359419037,9.997070359419038,7.927214259343407e-20,99.99374686286399
0.5979851290296869,999715.3712303137,9.997153712303136,7.927214259343407e-20,99.99374686286399
0.6031621826646076,999723.5139823554,9.997235139823553,7.927214259343407e-20,99.99374686286399
0.6083504057744566,999731.4683139351,9.99731468313935,7.927214259343407e-20,99.99374686286399
0.6135498103953045,999739.2382647161,9.997392382647162,7.927214259343407e-20,99.99374686286399
0.6187604085632243,999746.8277992578,9.997468277992578,7.927214259343407e-20,99.99374686286399
0.623982212314288,999754.2408081443,9.997542408081443,7.927214259343407e-20,99.99374686286399
0.6292152336845682,999761.4811091034,9.997614811091035,7.927214259343407e-20,99.99374686286399
0.6344594847101359,999768.5524481126,9.997685524481126,7.927214259343407e-20,99.99374686286399
0.6397149774270638,999775.4585004934,9.997754585004934,7.927214259343407e-20,99.99374686286399
0.6449817238714242,999782.2028719984,9.997822028719984,7.927214259343407e-20,99.99374686286399
0.6502597360792892,999788.7890998838,9.997887890998838,7.927214259343407e-20,99.99374686286399
0.6555490260867312,999795.2206539707,9.997952206539708,7.927214259343407e-20,99.99374686286399
0.6608496059298214,999801.5009376978,9.998015009376978,7.927214259343407e-20,99.99374686286399
0.6661614876446325,999807.6332891616,9.998076332891616,7.927214259343407e-20,99.99374686286399
0.6714846832672365,999813.6209821446,9.998136209821446,7.927214259343407e-20,99.99374686286399
0.6768192048337056,999819.4672271339,9.998194672271339,7.927214259343407e-20,99.99374686286399
0.6821650643801125,999825.1751723288,9.998251751723288,7.927214259343407e-20,99.99374686286399
0.6875222739425282,999830.7479046354,9.998307479046353,7.927214259343407e-20,99.99374686286399
0.6928908455570253,999836.188450653,9.99836188450653,7.927214259343407e-20,99.99374686286399
0.698270791259676,999841.4997776459,9.99841499777646,7.927214259343407e-20,99.99374686286399
0.7036621230865523,999846.6847945082,9.998466847945082,7.927214259343407e-20,99.99374686286399
0.7090648530737271,999851.7463527138,9.998517463527138,7.927214259343407e-20,99.99374686286399
0.714478993257271,999856.6872472588,9.998566872472589,7.927214259343407e-20,99.99374686286399
0.7199045556732573,999861.51021759,9.9986151021759,7.927214259343407e-20,99.99374686286399
0.7253415523577575,999866.2179485244,9.998662179485244,7.927214259343407e-20,99.99374686286399
0.7307899953468442,999870.8130711563,9.998708130711563,7.927214259343407e-20,99.99374686286399
0.7362498966765898,999875.2981637554,9.998752981637555,7.927214259343407e-20,99.99374686286399
0.7417212683830654,999879.6757526534,9.998796757526534,7.927214259343407e-20,99.99374686286399
0.7472041225023436,999883.9483131176,9.998839483131176,7.927214259343407e-20,99.99374686286399
0.7526984710704967,999888.1182702185,9.998881182702185,7.927214259343407e-20,99.99374686286399
0.7582043261235965,999892.1879996808,9.998921879996807,7.927214259343407e-20,99.99374686286399
0.763721699697716,999896.1598287278,9.998961598287279,7.927214259343407e-20,99.99374686286399
0.769250603828926,999900.0360369154,9.999000360369154,7.927214259343407e-20,99.99374686286399
0.7747910505532993,999903.8188569532,9.999038188569532,7.927214259343407e-20,99.99374686286399
0.7803430519069079,999907.5104755161,9.99907510475516,7.927214259343407e-20,99.99374686286399
0.785906619925824,999911.1130340447,9.999111130340447,7.927214259343407e-20,99.99374686286399
0.7914817666461206,999914.6286295373,9.999146286295373,7.927214259343407e-20,99.99374686286399
0.7970685041038678,999918.0593153301,9.999180593153302,7.927214259343407e-20,99.99374686286399
0.8026668443351391,999921.4071018676,9.999214071018676,7.927214259343407e-20,99.99374686286399
0.8082767993760066,999924.67395746,9.9992467395746,7.927214259343407e-20,99.99374686286399
0.8138983812625421,999927.8618090356,9.999278618090356,7.927214259343407e-20,99.99374686286399
0.8195316020308181,999930.9725428796,9.999309725428796,7.927214259343407e-20,99.99374686286399
0.8251764737169061,999934.0080053636,9.999340080053637,7.927214259343407e-20,99.99374686286399
0.8308330083568785,999936.9700036631,9.999369700036631,7.927214259343407e-20,99.99374686286399
0.8365012179868073,999939.8603064698,9.999398603064698,7.927214259343407e-20,99.99374686286399
0.8421811146427651,999942.6806446909,9.999426806446909,7.927214259343407e-20,99.99374686286399
0.8478727103608243,999945.4327121361,9.999454327121361,7.927214259343407e-20,99.99374686286399
0.8535760171770557,999948.1181662006,9.999481181662006,7.927214259343407e-20,99.99374686286399
0.8592910471275321,999950.7386285356,9.999507386285357,7.927214259343407e-20,99.99374686286399
0.8650178122483259,999953.2956857067,9.999532956857067,7.927214259343407e-20,99.99374686286399
0.8707563245755088,999955.7908898474,9.999557908898474,7.927214259343407e-20,99.99374686286399
0.8765065961451537,999958.2257593012,9.999582257593012,7.927214259343407e-20,99.99374686286399
0.8822686389933316,999960.6017792519,9.99960601779252,7.927214259343407e-20,99.99374686286399
0.8880424651561153,999962.9204023505,9.999629204023504,7.927214259343407e-20,99.99374686286399
0.8938280866695766,999965.1830493244,9.999651830493244,7.927214259343407e-20,99.99374686286399
0.899625515569788,999967.3911095874,9.999673911095874,7.927214259343407e-20,99.99374686286399
0.9054347638928217,999969.5459418325,9.999695459418325,7.927214259343407e-20,99.99374686286399
0.9112558436747491,999971.6488746186,9.999716488746186,7.927214259343407e-20,99.99374686286399
0.9170887669516429,999973.7012069509,9.99973701206951,7.927214259343407e-20,99.99374686286399
0.922933545759575,999975.7042088469,9.999757042088468,7.927214259343407e-20,99.99374686286399
0.9287901921346173,999977.6591219003,9.999776591219003,7.927214259343407e-20,99.99374686286399
0.934658718112843,999979.5671598295,9.999795671598296,7.927214259343407e-20,99.99374686286399
0.940539135730323,999981.429509023,9.99981429509023,7.927214259343407e-20,99.99374686286399
0.9464314570231296,999983.2473290729,9.999832473290729,7.927214259343407e-20,99.99374686286399
0.9523356940273353,999985.0217533029,9.999850217533028,7.927214259343407e-20,99.99374686286399
0.9582518587790128,999986.7538892833,9.999867538892833,7.927214259343407e-20,99.99374686286399
0.964179963314233,999988.444819343,9.99988444819343,7.927214259343407e-20,99.99374686286399
0.9701200196690684,999990.0956010716,9.999900956010716,7.927214259343407e-20,99.99374686286399
0.9760720398795911,999991.707267811,9.99991707267811,7.927214259343407e-20,99.99374686286399
0.9820360359818734,999993.2808291414,9.999932808291414,7.927214259343407e-20,99.99374686286399
0.9880120200119882,999994.8172713594,9.999948172713594,7.927214259343407e-20,99.99374686286399
0.9940000040060061,999996.3175579484,9.999963175579484,7.927214259343407e-20,99.99374686286399
1.0,999997.7826300389,9.99997782630039,7.927214259343407e-20,99.99374686286399
